Vigneto_IdVigneto,Codice,NomeVigneto,Infection,2025-07-03,2025-07-04,2025-07-05,2025-07-06,2025-07-07,2025-07-08,2025-07-09
1,RSSPG28,Pg - Casarsa,Oidium,19%,26%,40%,32%,22%,32%,33%
1,RSSPG28,Pg - Casarsa,Peronospora,81%,74%,60%,68%,78%,68%,67%
6,RSSPB27,Pg - Spessa,Oidium,18%,26%,38%,31%,18%,25%,28%
6,RSSPB27,Pg - Spessa,Peronospora,82%,74%,62%,69%,82%,75%,72%
158,CENMR01,Mer-Terrazze,Oidium,25%,29%,43%,32%,20%,30%,29%
158,CENMR01,Mer-Terrazze,Peronospora,75%,71%,57%,68%,80%,70%,71%
180,RSSPG18,Sau - Lungo Strada Sinistra 1,Oidium,27%,33%,40%,31%,19%,22%,31%
180,RSSPG18,Sau - Lungo Strada Sinistra 1,Peronospora,73%,67%,60%,69%,81%,78%,69%
246,RSSSV27,Sau - Municipio,Oidium,22%,31%,41%,32%,17%,24%,30%
246,RSSSV27,Sau - Municipio,Peronospora,78%,69%,59%,68%,83%,76%,70%
304,RSSSV27,Sau - Castello,Oidium,31%,33%,45%,39%,31%,35%,37%
304,RSSSV27,Sau - Castello,Peronospora,69%,67%,55%,61%,69%,65%,63%
323,RSSRIB04,Rib - Rudere,Oidium,32%,31%,45%,40%,32%,32%,34%
323,RSSRIB04,Rib - Rudere,Peronospora,68%,69%,55%,60%,68%,68%,66%
367,RSSFR26,Rib - Scuola,Oidium,11%,26%,31%,22%,20%,33%,32%
367,RSSFR26,Rib - Scuola,Peronospora,89%,74%,69%,78%,80%,67%,68%
392,RSSPB27,Pb - Casarsa,Oidium,12%,23%,25%,20%,14%,26%,34%
392,RSSPB27,Pb - Casarsa,Peronospora,88%,77%,75%,80%,86%,74%,66%
505,BGTTC01,ToFr-Pradis,Oidium,19%,30%,43%,31%,24%,32%,32%
505,BGTTC01,ToFr-Pradis,Peronospora,81%,70%,57%,69%,76%,68%,68%
535,VRSFR22,ToFr-Sant'Antonio,Oidium,18%,31%,36%,26%,25%,25%,40%
535,VRSFR22,ToFr-Sant'Antonio,Peronospora,82%,69%,64%,74%,75%,75%,60%
581,VRSMR04,Mer-Cipressi,Oidium,23%,31%,35%,25%,17%,28%,28%
581,VRSMR04,Mer-Cipressi,Peronospora,77%,69%,65%,75%,83%,72%,72%
677,VRSMR23,Rib - Palazzo,Oidium,22%,29%,36%,29%,20%,30%,29%
677,VRSMR23,Rib - Palazzo,Peronospora,78%,71%,64%,71%,80%,70%,71%
708,VRSMR24,Mer - Curva,Oidium,19%,25%,30%,20%,23%,27%,36%
708,VRSMR24,Mer - Curva,Peronospora,81%,75%,70%,80%,77%,73%,64%
735,VRSMR27,Sau - vicino Silvoz Mossa,Oidium,15%,22%,28%,23%,16%,27%,33%
735,VRSMR27,Sau - vicino Silvoz Mossa,Peronospora,85%,78%,72%,77%,84%,73%,67%
769,VRSMR28,Cha - Mossa,Oidium,20%,30%,38%,27%,21%,24%,31%
769,VRSMR28,Cha - Mossa,Peronospora,80%,70%,62%,73%,79%,76%,69%
789,VRSCHA04,Ch-Bino,Oidium,24%,30%,40%,30%,21%,28%,30%
789,VRSCHA04,Ch-Bino,Peronospora,76%,70%,60%,70%,79%,72%,70%
792,VRSSV20,Pn - Basso Piramide,Oidium,20%,30%,37%,27%,19%,24%,31%
792,VRSSV20,Pn - Basso Piramide,Peronospora,80%,70%,63%,73%,81%,76%,69%
827,VRSSV20,Sau - Basso Pighin,Oidium,23%,25%,27%,22%,14%,26%,28%
827,VRSSV20,Sau - Basso Pighin,Peronospora,77%,75%,73%,78%,86%,74%,72%
887,VRSPG20,Pg-VignaGrande,Oidium,20%,30%,38%,24%,16%,24%,29%
887,VRSPG20,Pg-VignaGrande,Peronospora,80%,70%,62%,76%,84%,76%,71%
906,VRSMR35,Mer - Sant'Antonio,Oidium,24%,24%,19%,23%,11%,27%,31%
906,VRSMR35,Mer - Sant'Antonio,Peronospora,76%,76%,81%,77%,89%,73%,69%
914,VRSPB20,Pb-Capriva,Oidium,24%,25%,36%,30%,17%,25%,27%
914,VRSPB20,Pb-Capriva,Peronospora,76%,75%,64%,70%,83%,75%,73%
934,VRSPG24,Pg-Pighin,Oidium,20%,26%,26%,30%,18%,33%,33%
934,VRSPG24,Pg-Pighin,Peronospora,80%,74%,74%,70%,82%,67%,67%
942,VRSPG27,Pg - Basso Pighin,Oidium,27%,29%,38%,37%,23%,29%,34%
942,VRSPG27,Pg - Basso Pighin,Peronospora,73%,71%,62%,63%,77%,71%,66%
1065,VRSSV36,Sau - Moretti Pighin ,Oidium,21%,26%,22%,24%,11%,27%,30%
1065,VRSSV36,Sau - Moretti Pighin ,Peronospora,79%,74%,78%,76%,89%,73%,70%
1135,VRSSV36,Sv-Pighin2,Oidium,21%,28%,47%,36%,21%,24%,27%
1135,VRSSV36,Sv-Pighin2,Peronospora,79%,72%,53%,64%,79%,76%,73%
1171,VRSPG29,Pg-Pighin1,Oidium,21%,30%,42%,29%,18%,21%,28%
1171,VRSPG29,Pg-Pighin1,Peronospora,79%,70%,58%,71%,82%,79%,72%
1200,BGTCH02,Ch- SanQuirino,Oidium,14%,21%,28%,20%,16%,25%,32%
1200,BGTCH02,Ch- SanQuirino,Peronospora,86%,79%,72%,80%,84%,75%,68%
1228,BGTVER01,Ver-SanQuirino,Oidium,40%,36%,32%,33%,35%,34%,29%
1228,BGTVER01,Ver-SanQuirino,Peronospora,60%,64%,68%,67%,65%,66%,71%
1308,BGTCSV01,Csv-SanQuirino,Oidium,46%,42%,34%,45%,44%,37%,32%
1308,BGTCSV01,Csv-SanQuirino,Peronospora,54%,58%,66%,55%,56%,63%,68%
1314,SFEPG01,Pg-Chiesa,Oidium,50%,48%,40%,45%,50%,44%,28%
1314,SFEPG01,Pg-Chiesa,Peronospora,50%,52%,60%,55%,50%,56%,72%
1328,SRECH01,Ch-Gorga,Oidium,40%,38%,36%,33%,37%,24%,30%
1328,SRECH01,Ch-Gorga,Peronospora,60%,62%,64%,67%,63%,76%,70%
1346,SFEMR01,Mer-Braida,Oidium,55%,53%,56%,56%,52%,53%,49%
1346,SFEMR01,Mer-Braida,Peronospora,45%,47%,44%,44%,48%,47%,51%
1353,SFEME02,Me-Braida,Oidium,47%,44%,40%,46%,46%,37%,28%
1353,SFEME02,Me-Braida,Peronospora,53%,56%,60%,54%,54%,63%,72%
1548,SFETC01,Sch-Potok,Oidium,26%,30%,36%,42%,48%,35%,40%
1548,SFETC01,Sch-Potok,Peronospora,74%,70%,64%,58%,52%,65%,60%
1594,SFECH04,Ch-mirnik,Oidium,27%,32%,39%,40%,46%,40%,43%
1594,SFECH04,Ch-mirnik,Peronospora,73%,68%,61%,60%,54%,60%,57%
1641,SFEMR02,Mer-Mirnik,Oidium,31%,33%,35%,46%,46%,37%,39%
1641,SFEMR02,Mer-Mirnik,Peronospora,69%,67%,65%,54%,54%,63%,61%
1702,SFECSV04,Csv-Giovanin,Oidium,27%,36%,47%,41%,45%,45%,45%
1702,SFECSV04,Csv-Giovanin,Peronospora,73%,64%,53%,59%,55%,55%,55%
1772,SFESV01,Sv-Giovanin,Oidium,22%,27%,36%,40%,49%,32%,41%
1772,SFESV01,Sv-Giovanin,Peronospora,78%,73%,64%,60%,51%,68%,59%
1789,SFEMAL01,Mal-Ronc,Oidium,26%,33%,43%,41%,50%,43%,46%
1789,SFEMAL01,Mal-Ronc,Peronospora,74%,67%,57%,59%,50%,57%,54%
1802,SFECH01,Ch-ronc,Oidium,25%,28%,35%,38%,46%,35%,40%
1802,SFECH01,Ch-ronc,Peronospora,75%,72%,65%,62%,54%,65%,60%
1856,SFERB05,RibG-ronc,Oidium,32%,35%,41%,44%,47%,43%,45%
1856,SFERB05,RibG-ronc,Peronospora,68%,65%,59%,56%,53%,57%,55%
1880,SFESCH01,Sch-Lidia,Oidium,22%,30%,38%,44%,48%,42%,44%
1880,SFESCH01,Sch-Lidia,Peronospora,78%,70%,62%,56%,52%,58%,56%
2048,SFECAR01,Car-Lidia,Oidium,22%,26%,36%,30%,21%,27%,28%
2048,SFECAR01,Car-Lidia,Peronospora,78%,74%,64%,70%,79%,73%,72%
2063,SFECSV02,Csv-Lidia,Oidium,23%,19%,28%,28%,19%,29%,34%
2063,SFECSV02,Csv-Lidia,Peronospora,77%,81%,72%,72%,81%,71%,66%
2093,SFEMR03,Mer-Lidia,Oidium,20%,28%,41%,28%,18%,22%,28%
2093,SFEMR03,Mer-Lidia,Peronospora,80%,72%,59%,72%,82%,78%,72%
2102,SREPB01,Pb-Genoveffa,Oidium,15%,20%,28%,19%,17%,20%,29%
2102,SREPB01,Pb-Genoveffa,Peronospora,85%,80%,72%,81%,83%,80%,71%
2124,SFEREF01,Rib-poggio_lonzanoalto,Oidium,22%,31%,41%,24%,19%,23%,29%
2124,SFEREF01,Rib-poggio_lonzanoalto,Peronospora,78%,69%,59%,76%,81%,77%,71%
2243,SFESCH02,Sch-Prepotto,Oidium,43%,33%,33%,33%,35%,23%,31%
2243,SFESCH02,Sch-Prepotto,Peronospora,57%,67%,67%,67%,65%,77%,69%
2248,SFECAR02,Car-Prepotto,Oidium,42%,37%,36%,34%,37%,23%,30%
2248,SFECAR02,Car-Prepotto,Peronospora,58%,63%,64%,66%,63%,77%,70%
2263,SFEPG03,Pg-LonzanoBasso,Oidium,34%,40%,28%,32%,35%,34%,26%
2263,SFEPG03,Pg-LonzanoBasso,Peronospora,66%,60%,72%,68%,65%,66%,74%
2302,SFEMR04,Mer-Lonzano basso,Oidium,63%,54%,58%,54%,42%,50%,40%
2302,SFEMR04,Mer-Lonzano basso,Peronospora,37%,46%,42%,46%,58%,50%,60%
2331,SFETC04,ToFr-Lonzano basso,Oidium,44%,40%,35%,48%,48%,47%,31%
2331,SFETC04,ToFr-Lonzano basso,Peronospora,56%,60%,65%,52%,52%,53%,69%
2523,SFERS01,Rie-lonzano basso,Oidium,48%,45%,41%,46%,40%,56%,39%
2523,SFERS01,Rie-lonzano basso,Peronospora,52%,55%,59%,54%,60%,44%,61%
2727,CENPG02,Pg-Terrazze,Oidium,26%,30%,35%,41%,33%,38%,42%
2727,CENPG02,Pg-Terrazze,Peronospora,74%,70%,65%,59%,67%,62%,58%
2763,SREPG01,Pg-Genoveffa,Oidium,20%,27%,40%,33%,27%,33%,30%
2763,SREPG01,Pg-Genoveffa,Peronospora,80%,73%,60%,67%,73%,67%,70%
2793,SFECH05,Ch-lonzano basso,Oidium,25%,27%,43%,30%,20%,30%,29%
2793,SFECH05,Ch-lonzano basso,Peronospora,75%,73%,57%,70%,80%,70%,71%
2888,SFEMAL02,Mal- Lonzano basso,Oidium,36%,40%,40%,37%,37%,34%,31%
2888,SFEMAL02,Mal- Lonzano basso,Peronospora,64%,60%,60%,63%,63%,66%,69%
2918,SFESCH03,Sch-Lonzano basso,Oidium,41%,39%,30%,36%,33%,37%,25%
2918,SFESCH03,Sch-Lonzano basso,Peronospora,59%,61%,70%,64%,67%,63%,75%
3034,ERMMER01,Mer-Bosco,Oidium,50%,46%,57%,51%,49%,49%,59%
3034,ERMMER01,Mer-Bosco,Peronospora,50%,54%,43%,49%,51%,51%,41%
3129,ERMFRI01,ToFr-Bosco,Oidium,32%,38%,39%,37%,42%,42%,38%
3129,ERMFRI01,ToFr-Bosco,Peronospora,68%,62%,61%,63%,58%,58%,62%
3132,SFESV02,Sv-Ferreghini,Oidium,21%,29%,36%,38%,21%,32%,36%
3132,SFESV02,Sv-Ferreghini,Peronospora,79%,71%,64%,62%,79%,68%,64%
3311,SFEMR05,Mer-Ferreghini,Oidium,56%,47%,47%,46%,54%,35%,30%
3311,SFEMR05,Mer-Ferreghini,Peronospora,44%,53%,53%,54%,46%,65%,70%
3316,SFEMR06,Mer-Ferreghini1,Oidium,53%,48%,44%,46%,54%,36%,31%
3316,SFEMR06,Mer-Ferreghini1,Peronospora,47%,52%,56%,54%,46%,64%,69%
3322,SFETC03,ToFr-Restocina,Oidium,56%,54%,41%,46%,49%,39%,33%
3322,SFETC03,ToFr-Restocina,Peronospora,44%,46%,59%,54%,51%,61%,67%
3372,ERMCHA01,Ch-Cantarutti,Oidium,34%,36%,29%,37%,38%,50%,42%
3372,ERMCHA01,Ch-Cantarutti,Peronospora,66%,64%,71%,63%,62%,50%,58%
3378,ERMFRI11,ToFr-Cantarutti,Oidium,38%,33%,32%,38%,42%,46%,42%
3378,ERMFRI11,ToFr-Cantarutti,Peronospora,62%,67%,68%,62%,58%,54%,58%
3390,ERMPIG02,Pig-Mario Cantina,Oidium,43%,43%,41%,44%,41%,42%,43%
3390,ERMPIG02,Pig-Mario Cantina,Peronospora,57%,57%,59%,56%,59%,58%,57%
3754,ERMPING06,Pg-Mario,Oidium,44%,47%,43%,38%,36%,40%,52%
3754,ERMPING06,Pg-Mario,Peronospora,56%,53%,57%,62%,64%,60%,48%
3797,CENSV03,Sv-Terrazze,Oidium,26%,37%,41%,27%,28%,25%,30%
3797,CENSV03,Sv-Terrazze,Peronospora,74%,63%,59%,73%,72%,75%,70%
3823,VIARIS01,Rie-Bosco,Oidium,25%,41%,39%,34%,25%,21%,28%
3823,VIARIS01,Rie-Bosco,Peronospora,75%,59%,61%,66%,75%,79%,72%
3880,SFECH03,Ch-restocina1,Oidium,36%,40%,28%,37%,25%,23%,39%
3880,SFECH03,Ch-restocina1,Peronospora,64%,60%,72%,63%,75%,77%,61%
3940,VIAPG01,Pg-Bosco,Oidium,20%,27%,39%,33%,27%,31%,36%
3940,VIAPG01,Pg-Bosco,Peronospora,80%,73%,61%,67%,73%,69%,64%
3973,SFECH02,ToFr-Restocina_gradoni,Oidium,33%,32%,37%,37%,39%,35%,35%
3973,SFECH02,ToFr-Restocina_gradoni,Peronospora,67%,68%,63%,63%,61%,65%,65%
4223,SFERB04,RibG-restocina,Oidium,43%,39%,37%,44%,32%,33%,35%
4223,SFERB04,RibG-restocina,Peronospora,57%,61%,63%,56%,68%,67%,65%
4227,SFESV03,Sv-Basso_Bodigoi,Oidium,47%,44%,45%,46%,41%,50%,33%
4227,SFESV03,Sv-Basso_Bodigoi,Peronospora,53%,56%,55%,54%,59%,50%,67%
4338,SFEPG03,Rib-Vecchia_lonzanoAlto,Oidium,31%,44%,45%,37%,28%,24%,25%
4338,SFEPG03,Rib-Vecchia_lonzanoAlto,Peronospora,69%,56%,55%,63%,72%,76%,75%
4350,SFEMR04,Pb-LonzanoAlto,Oidium,22%,31%,42%,31%,24%,34%,32%
4350,SFEMR04,Pb-LonzanoAlto,Peronospora,78%,69%,58%,69%,76%,66%,68%
4557,SFETC04,Rib-SottoCasa_restocina,Oidium,25%,38%,32%,23%,22%,20%,23%
4557,SFETC04,Rib-SottoCasa_restocina,Peronospora,75%,62%,68%,77%,78%,80%,77%
4567,SFERS01,Sv-Restocina,Oidium,25%,31%,27%,29%,24%,23%,30%
4567,SFERS01,Sv-Restocina,Peronospora,75%,69%,73%,71%,76%,77%,70%
4832,SFECH05,Rib-Scriò_Bodigoi,Oidium,24%,31%,45%,31%,21%,33%,34%
4832,SFECH05,Rib-Scriò_Bodigoi,Peronospora,76%,69%,55%,69%,79%,67%,66%
4942,SFEMAL02,Carm-Paolin,Oidium,22%,29%,33%,23%,22%,27%,36%
4942,SFEMAL02,Carm-Paolin,Peronospora,78%,71%,67%,77%,78%,73%,64%
5015,,friulano-Cantina_Bodi,Oidium,18%,28%,37%,24%,16%,24%,30%
5015,,friulano-Cantina_Bodi,Peronospora,82%,72%,63%,76%,84%,76%,70%
5240,VIAPB01,Pb-Bosco,Oidium,33%,40%,28%,32%,35%,34%,26%
5240,VIAPB01,Pb-Bosco,Peronospora,67%,60%,72%,68%,65%,66%,74%
5256,SFEPB02,Pb-Case,Oidium,27%,33%,40%,31%,19%,22%,30%
5256,SFEPB02,Pb-Case,Peronospora,73%,67%,60%,69%,81%,78%,70%
5297,LENMER01,Mer - Golan,Oidium,58%,61%,60%,58%,55%,50%,45%
5297,LENMER01,Mer - Golan,Peronospora,42%,39%,40%,42%,45%,50%,55%
5310,LENCSV01,Csv - Golan,Oidium,38%,38%,31%,35%,38%,46%,28%
5310,LENCSV01,Csv - Golan,Peronospora,62%,62%,69%,65%,62%,54%,72%
5409,VIAVERPIC01,Ver/Pic-Bosco,Oidium,18%,25%,40%,30%,21%,30%,29%
5409,VIAVERPIC01,Ver/Pic-Bosco,Peronospora,82%,75%,60%,70%,79%,70%,71%
5415,VIAPIG01,Pig-Judrio,Oidium,29%,32%,30%,23%,27%,28%,42%
5415,VIAPIG01,Pig-Judrio,Peronospora,71%,68%,70%,77%,73%,72%,58%
5427,LENTF01,ToFr - Golan,Oidium,18%,28%,37%,24%,27%,28%,31%
5427,LENTF01,ToFr - Golan,Peronospora,82%,72%,63%,76%,73%,72%,69%
5457,VIATF01,ToFr-CollinaVecchia,Oidium,39%,39%,41%,37%,34%,26%,31%
5457,VIATF01,ToFr-CollinaVecchia,Peronospora,61%,61%,59%,63%,66%,74%,69%
5460,LENSCH01,Sch-Albana,Oidium,39%,39%,41%,37%,34%,26%,31%
5460,LENSCH01,Sch-Albana,Peronospora,61%,61%,59%,63%,66%,74%,69%
5464,VIARB01,Rib-CollinaVecchia,Oidium,32%,36%,31%,32%,30%,23%,32%
5464,VIARB01,Rib-CollinaVecchia,Peronospora,68%,64%,69%,68%,70%,77%,68%
5553,LENCAR02,Car-Albana,Oidium,45%,42%,46%,44%,45%,38%,40%
5553,LENCAR02,Car-Albana,Peronospora,55%,58%,54%,56%,55%,62%,60%
6037,LENTR02,ToFr-Albana,Oidium,17%,25%,27%,19%,16%,25%,35%
6037,LENTR02,ToFr-Albana,Peronospora,83%,75%,73%,81%,84%,75%,65%
6436,LENSV01,Sv-Albana,Oidium,31%,34%,40%,48%,48%,39%,35%
6436,LENSV01,Sv-Albana,Peronospora,69%,66%,60%,52%,52%,61%,65%
6469,LENCF01,Cf-Albana,Oidium,31%,36%,35%,41%,36%,32%,33%
6469,LENCF01,Cf-Albana,Peronospora,69%,64%,65%,59%,64%,68%,67%
6490,LENMER02,Mer-Albana ,Oidium,32%,36%,40%,46%,45%,42%,38%
6490,LENMER02,Mer-Albana ,Peronospora,68%,64%,60%,54%,55%,58%,62%
6697,LENTR03,ToFr-Casa2,Oidium,38%,41%,32%,30%,32%,27%,39%
6697,LENTR03,ToFr-Casa2,Peronospora,62%,59%,68%,70%,68%,73%,61%
6703,CENRB01,Rib-Terrazze,Oidium,26%,31%,45%,30%,25%,29%,27%
6703,CENRB01,Rib-Terrazze,Peronospora,74%,69%,55%,70%,75%,71%,73%
6866,LENCF02,CabF - Milio,Oidium,27%,45%,45%,34%,24%,23%,23%
6866,LENCF02,CabF - Milio,Peronospora,73%,55%,55%,66%,76%,77%,77%
6868,LENRIB01,Rib - Milio,Oidium,31%,39%,39%,29%,23%,25%,28%
6868,LENRIB01,Rib - Milio,Peronospora,69%,61%,61%,71%,77%,75%,72%
6895,LENSV02,Sv - Fornalis Estirpato 2016,Oidium,29%,27%,27%,24%,24%,25%,30%
6895,LENSV02,Sv - Fornalis Estirpato 2016,Peronospora,71%,73%,73%,76%,76%,75%,70%
6902,VIAVER01,Ver-Bosco,Oidium,38%,43%,42%,39%,36%,36%,37%
6902,VIAVER01,Ver-Bosco,Peronospora,62%,57%,58%,61%,64%,64%,63%
6927,GRASV01,Sv-Neblo,Oidium,37%,43%,39%,36%,31%,35%,31%
6927,GRASV01,Sv-Neblo,Peronospora,63%,57%,61%,64%,69%,65%,69%
7068,GRARIB01,Rib-neblo,Oidium,41%,37%,35%,42%,44%,39%,45%
7068,GRARIB01,Rib-neblo,Peronospora,59%,63%,65%,58%,56%,61%,55%
7069,GRATR01,ToFr-Neblo,Oidium,39%,34%,35%,28%,29%,31%,35%
7069,GRATR01,ToFr-Neblo,Peronospora,61%,66%,65%,72%,71%,69%,65%
7309,VIASV01,Sv-SottoCantina,Oidium,40%,41%,48%,38%,41%,39%,40%
7309,VIASV01,Sv-SottoCantina,Peronospora,60%,59%,52%,62%,59%,61%,60%
7310,GRARIB02,Rib-zali breg,Oidium,40%,42%,42%,41%,37%,36%,38%
7310,GRARIB02,Rib-zali breg,Peronospora,60%,58%,58%,59%,63%,64%,62%
7442,GRAPB01,Pb-ZaliBreg,Oidium,48%,45%,47%,46%,37%,41%,40%
7442,GRAPB01,Pb-ZaliBreg,Peronospora,52%,55%,53%,54%,63%,59%,60%
7457,GRAMER02,Mer-ZaliBreg,Oidium,27%,33%,40%,30%,22%,26%,31%
7457,GRAMER02,Mer-ZaliBreg,Peronospora,73%,67%,60%,70%,78%,74%,69%
7464,CENFR01,ToFr-Terrazze,Oidium,23%,29%,38%,27%,16%,17%,29%
7464,CENFR01,ToFr-Terrazze,Peronospora,77%,71%,62%,73%,84%,83%,71%
7468,CENPIG02,Pig-Ritocchino,Oidium,23%,30%,37%,26%,19%,21%,29%
7468,CENPIG02,Pig-Ritocchino,Peronospora,77%,70%,63%,74%,81%,79%,71%
7472,GRARIB02,Rib-ZaliBreg1,Oidium,27%,33%,39%,30%,25%,26%,31%
7472,GRARIB02,Rib-ZaliBreg1,Peronospora,73%,67%,61%,70%,75%,74%,69%
7866,GRASV02,Sv-Zali breg,Oidium,18%,31%,40%,31%,15%,22%,33%
7866,GRASV02,Sv-Zali breg,Peronospora,82%,69%,60%,69%,85%,78%,67%
7877,GRASV03,Sv-Pintar,Oidium,38%,31%,31%,42%,39%,33%,32%
7877,GRASV03,Sv-Pintar,Peronospora,62%,69%,69%,58%,61%,67%,68%
7882,GRAMER01,Mer-Pintar,Oidium,41%,37%,35%,42%,44%,39%,45%
7882,GRAMER01,Mer-Pintar,Peronospora,59%,63%,65%,58%,56%,61%,55%
7904,GRATR02,ToFr-pintar,Oidium,35%,32%,46%,31%,25%,28%,33%
7904,GRATR02,ToFr-pintar,Peronospora,65%,68%,54%,69%,75%,72%,67%
7972,GRAPG01,Pg-Pintar,Oidium,43%,52%,55%,52%,36%,33%,34%
7972,GRAPG01,Pg-Pintar,Peronospora,57%,48%,45%,48%,64%,67%,66%
8069,GRACH01,Ch-calvario,Oidium,27%,33%,39%,29%,21%,26%,31%
8069,GRACH01,Ch-calvario,Peronospora,73%,67%,61%,71%,79%,74%,69%
8082,VIAPG02,Pg-SottoCantina,Oidium,38%,43%,42%,39%,36%,38%,39%
8082,VIAPG02,Pg-SottoCantina,Peronospora,62%,57%,58%,61%,64%,62%,61%
8104,GRAMER02,Mer-Calvario,Oidium,50%,43%,42%,40%,40%,48%,55%
8104,GRAMER02,Mer-Calvario,Peronospora,50%,57%,58%,60%,60%,52%,45%
8173,VIAVER02,Ver-Sotto cantina,Oidium,29%,36%,36%,32%,36%,33%,42%
8173,VIAVER02,Ver-Sotto cantina,Peronospora,71%,64%,64%,68%,64%,67%,58%
8183,GRACAR01,Car-Calvario,Oidium,46%,47%,38%,49%,47%,45%,35%
8183,GRACAR01,Car-Calvario,Peronospora,54%,53%,62%,51%,53%,55%,65%
8273,GRAMAL01,Mal-Calvario,Oidium,43%,55%,47%,50%,39%,29%,31%
8273,GRAMAL01,Mal-Calvario,Peronospora,57%,45%,53%,50%,61%,71%,69%
8280,GRARIB03,Rib-Calvario,Oidium,46%,44%,44%,46%,48%,36%,31%
8280,GRARIB03,Rib-Calvario,Peronospora,54%,56%,56%,54%,52%,64%,69%
8294,GRATR02,ToFr-StefanutCasa,Oidium,51%,38%,40%,47%,52%,35%,32%
8294,GRATR02,ToFr-StefanutCasa,Peronospora,49%,62%,60%,53%,48%,65%,68%
8330,GRATR03,ToFr-StefanutCasa1,Oidium,35%,29%,27%,30%,34%,30%,22%
8330,GRATR03,ToFr-StefanutCasa1,Peronospora,65%,71%,73%,70%,66%,70%,78%
8343,GRATR04,ToFr-Mossa,Oidium,36%,49%,48%,47%,48%,26%,29%
8343,GRATR04,ToFr-Mossa,Peronospora,64%,51%,52%,53%,52%,74%,71%
8345,GRAMAL02,Mal- Bratinis Fornace,Oidium,53%,57%,43%,48%,47%,28%,33%
8345,GRAMAL02,Mal- Bratinis Fornace,Peronospora,47%,43%,57%,52%,53%,72%,67%
8356,GRACH02,Ch-Bratinis Fornace,Oidium,58%,54%,54%,46%,50%,39%,40%
8356,GRACH02,Ch-Bratinis Fornace,Peronospora,42%,46%,46%,54%,50%,61%,60%
8368,GRACH03,Ch-pozzar,Oidium,35%,31%,40%,40%,32%,35%,38%
8368,GRACH03,Ch-pozzar,Peronospora,65%,69%,60%,60%,68%,65%,62%
8392,VIAPIC02,Pic-Sotto cantina,Oidium,37%,39%,40%,34%,33%,34%,37%
8392,VIAPIC02,Pic-Sotto cantina,Peronospora,63%,61%,60%,66%,67%,66%,63%
8841,GRAPG02,Pg - 2016 Pozzar,Oidium,27%,39%,30%,22%,25%,26%,36%
8841,GRAPG02,Pg - 2016 Pozzar,Peronospora,73%,61%,70%,78%,75%,74%,64%
8849,GRAPG03,Pg-Pozzar1,Oidium,28%,39%,30%,23%,25%,26%,37%
8849,GRAPG03,Pg-Pozzar1,Peronospora,72%,61%,70%,77%,75%,74%,63%
8850,VIARB02,Rib-Sotto cantina,Oidium,28%,29%,29%,23%,27%,29%,41%
8850,VIARB02,Rib-Sotto cantina,Peronospora,72%,71%,71%,77%,73%,71%,59%
8858,GRASV02,Sv-Lesta ,Oidium,66%,61%,60%,58%,57%,48%,46%
8858,GRASV02,Sv-Lesta ,Peronospora,34%,39%,40%,42%,43%,52%,54%
8864,GRAMER02,Mer-Danilo,Oidium,37%,39%,41%,32%,33%,33%,37%
8864,GRAMER02,Mer-Danilo,Peronospora,63%,61%,59%,68%,67%,67%,63%
8876,GRAPG03,Pg-NadPalaz,Oidium,44%,38%,34%,40%,32%,31%,30%
8876,GRAPG03,Pg-NadPalaz,Peronospora,56%,62%,66%,60%,68%,69%,70%
9192,VIAMR01,Mer-SottoCantina,Oidium,52%,51%,47%,49%,51%,27%,33%
9192,VIAMR01,Mer-SottoCantina,Peronospora,48%,49%,53%,51%,49%,73%,67%
9279,VIASV02,Sv-Piazzale,Oidium,28%,27%,30%,32%,30%,30%,29%
9279,VIASV02,Sv-Piazzale,Peronospora,72%,73%,70%,68%,70%,70%,71%
9550,GRACH04,Ch-nad palaz,Oidium,11%,11%,18%,22%,15%,19%,27%
9550,GRACH04,Ch-nad palaz,Peronospora,89%,89%,82%,78%,85%,81%,73%
9606,VIASV03,Sv-SottoPiazzale alto,Oidium,34%,34%,32%,27%,28%,28%,30%
9606,VIASV03,Sv-SottoPiazzale alto,Peronospora,66%,66%,68%,73%,72%,72%,70%
9616,GRASV04,Sv-Pod palaz,Oidium,15%,29%,20%,15%,18%,29%,36%
9616,GRASV04,Sv-Pod palaz,Peronospora,85%,71%,80%,85%,82%,71%,64%
9634,VIATF02,ToFr-SottoPiazzale,Oidium,49%,54%,55%,58%,55%,59%,50%
9634,VIATF02,ToFr-SottoPiazzale,Peronospora,51%,46%,45%,42%,45%,41%,50%
9751,GRAPG03,Rib-Saurin,Oidium,35%,52%,48%,41%,28%,27%,31%
9751,GRAPG03,Rib-Saurin,Peronospora,65%,48%,52%,59%,72%,73%,69%
9815,VIASV04,Sv-SottoPiazzale,Oidium,55%,50%,54%,54%,55%,50%,52%
9815,VIASV04,Sv-SottoPiazzale,Peronospora,45%,50%,46%,46%,45%,50%,48%
9816,GRAPG04,Pg-Dragiza,Oidium,26%,34%,28%,32%,27%,31%,30%
9816,GRAPG04,Pg-Dragiza,Peronospora,74%,66%,72%,68%,73%,69%,70%
9818,VIAPG03,Pg-SottoPiazzale,Oidium,27%,29%,26%,27%,24%,25%,32%
9818,VIAPG03,Pg-SottoPiazzale,Peronospora,73%,71%,74%,73%,76%,75%,68%
9844,GRASV05,Rib-Dragiza,Oidium,40%,30%,37%,46%,41%,35%,30%
9844,GRASV05,Rib-Dragiza,Peronospora,60%,70%,63%,54%,59%,65%,70%
9845,GRAMAL01,Pg-Maura sopra Mal ,Oidium,27%,33%,33%,39%,29%,30%,28%
9845,GRAMAL01,Pg-Maura sopra Mal ,Peronospora,73%,67%,67%,61%,71%,70%,72%
9846,GRAPG07,Pg-Maura,Oidium,40%,41%,34%,40%,31%,26%,36%
9846,GRAPG07,Pg-Maura,Peronospora,60%,59%,66%,60%,69%,74%,64%
9847,ERMPINB03,Pb-Mario,Oidium,40%,43%,47%,44%,43%,36%,39%
9847,ERMPINB03,Pb-Mario,Peronospora,60%,57%,53%,56%,57%,64%,61%
9848,GRAPG08,Pg-Elio,Oidium,13%,19%,20%,23%,25%,20%,25%
9848,GRAPG08,Pg-Elio,Peronospora,87%,81%,80%,77%,75%,80%,75%
9849,GRASV07,Sv-Nad boskom,Oidium,36%,34%,36%,44%,25%,29%,23%
9849,GRASV07,Sv-Nad boskom,Peronospora,64%,66%,64%,56%,75%,71%,77%
9850,GRAPG09,Pg-Scedina,Oidium,38%,38%,37%,39%,28%,21%,10%
9850,GRAPG09,Pg-Scedina,Peronospora,62%,62%,63%,61%,72%,79%,90%
9851,GRATR05,ToFr-Grdinca,Oidium,24%,28%,31%,33%,29%,27%,33%
9851,GRATR05,ToFr-Grdinca,Peronospora,76%,72%,69%,67%,71%,73%,67%
9852,GRAMAL03,Mal-Grdinca,Oidium,29%,32%,27%,28%,29%,22%,20%
9852,GRAMAL03,Mal-Grdinca,Peronospora,71%,68%,73%,72%,71%,78%,80%
9853,GRAMER03,Mer-Grdinca,Oidium,45%,53%,46%,53%,47%,46%,28%
9853,GRAMER03,Mer-Grdinca,Peronospora,55%,47%,54%,47%,53%,54%,72%
9854,ERMPIC01,Pic-Mario,Oidium,23%,25%,34%,38%,35%,36%,39%
9854,ERMPIC01,Pic-Mario,Peronospora,77%,75%,66%,62%,65%,64%,61%
9855,ERMCABS08,Csv-Mario,Oidium,39%,45%,38%,46%,40%,37%,42%
9855,ERMCABS08,Csv-Mario,Peronospora,61%,55%,62%,54%,60%,63%,58%
9856,STUCH01,Ch-nuova,Oidium,50%,51%,38%,37%,24%,38%,26%
9856,STUCH01,Ch-nuova,Peronospora,50%,49%,62%,63%,76%,62%,74%
9857,STUCSV01,Csv-Russiz,Oidium,54%,56%,52%,53%,52%,40%,41%
9857,STUCSV01,Csv-Russiz,Peronospora,46%,44%,48%,47%,48%,60%,59%
9858,STURIB01,Rib - Russiz Bosco,Oidium,23%,28%,31%,45%,44%,32%,43%
9858,STURIB01,Rib - Russiz Bosco,Peronospora,77%,72%,69%,55%,56%,68%,57%
9860,VIAREF01,Ref-SottoPiazzale,Oidium,64%,52%,54%,56%,56%,62%,56%
9860,VIAREF01,Ref-SottoPiazzale,Peronospora,36%,48%,46%,44%,44%,38%,44%
9861,VDC,>> Vigneto da codificare,Oidium,70%,70%,72%,59%,57%,56%,73%
9861,VDC,>> Vigneto da codificare,Peronospora,30%,30%,28%,41%,43%,44%,27%
9862,STUCF01,Cf-Russiz,Oidium,51%,44%,42%,36%,49%,42%,59%
9862,STUCF01,Cf-Russiz,Peronospora,49%,56%,58%,64%,51%,58%,41%
9863,STUTRA01,Tra - Russiz,Oidium,52%,48%,38%,36%,27%,37%,24%
9863,STUTRA01,Tra - Russiz,Peronospora,48%,52%,62%,64%,73%,63%,76%
9864,STUCAR01,Car-Russiz,Oidium,28%,44%,32%,33%,35%,31%,41%
9864,STUCAR01,Car-Russiz,Peronospora,72%,56%,68%,67%,65%,69%,59%
9911,VIAPG04,Pg-SottoPiazzale,Oidium,38%,35%,33%,27%,28%,29%,30%
9911,VIAPG04,Pg-SottoPiazzale,Peronospora,62%,65%,67%,73%,72%,71%,70%
9915,STUPG02,Pg - Russiz,Oidium,48%,47%,40%,36%,44%,46%,34%
9915,STUPG02,Pg - Russiz,Peronospora,52%,53%,60%,64%,56%,54%,66%
9942,STUSV01,Sv-Russiz,Oidium,11%,27%,29%,20%,20%,34%,32%
9942,STUSV01,Sv-Russiz,Peronospora,89%,73%,71%,80%,80%,66%,68%
9945,STUPG03,Pg - Russiz Bosco,Oidium,27%,39%,33%,36%,43%,36%,28%
9945,STUPG03,Pg - Russiz Bosco,Peronospora,73%,61%,67%,64%,57%,64%,72%
9946,STUSV02,Sv - Russiz Pioppi na,Oidium,35%,25%,33%,39%,31%,28%,22%
9946,STUSV02,Sv - Russiz Pioppi na,Peronospora,65%,75%,67%,61%,69%,72%,78%
9947,STUPG02,Pg-Oblim,Oidium,39%,41%,29%,35%,43%,46%,40%
9947,STUPG02,Pg-Oblim,Peronospora,61%,59%,71%,65%,57%,54%,60%
9949,STUCH02,Ch-campolungo,Oidium,26%,44%,36%,34%,31%,22%,16%
9949,STUCH02,Ch-campolungo,Peronospora,74%,56%,64%,66%,69%,78%,84%
9950,STUSV03,Sv-Campolungo,Oidium,26%,41%,29%,36%,34%,32%,37%
9950,STUSV03,Sv-Campolungo,Peronospora,74%,59%,71%,64%,66%,68%,63%
9951,STUTR01,ToFr-Skoncevo,Oidium,38%,36%,29%,34%,33%,35%,33%
9951,STUTR01,ToFr-Skoncevo,Peronospora,62%,64%,71%,66%,67%,65%,67%
9952,STUPG04,Pg-ColleDuga,Oidium,35%,46%,37%,32%,34%,24%,35%
9952,STUPG04,Pg-ColleDuga,Peronospora,65%,54%,63%,68%,66%,76%,65%
9953,STUMR02,Mer-Casarsa,Oidium,41%,37%,39%,38%,38%,28%,24%
9953,STUMR02,Mer-Casarsa,Peronospora,59%,63%,61%,62%,62%,72%,76%
9954,STUREF01,Ref-Casarsa,Oidium,36%,30%,37%,33%,28%,27%,12%
9954,STUREF01,Ref-Casarsa,Peronospora,64%,70%,63%,67%,72%,73%,88%
9955,STUMR01,Mer-Casa,Oidium,43%,44%,53%,54%,56%,44%,47%
9955,STUMR01,Mer-Casa,Peronospora,57%,56%,47%,46%,44%,56%,53%
9956,STUPET01,PetV-Casa,Oidium,30%,35%,38%,37%,35%,27%,32%
9956,STUPET01,PetV-Casa,Peronospora,70%,65%,62%,63%,65%,73%,68%
9957,STUSV04,Sv-Casa5,Oidium,41%,29%,37%,45%,40%,35%,31%
9957,STUSV04,Sv-Casa5,Peronospora,59%,71%,63%,55%,60%,65%,69%
9958,MAGSV05,Sv-5,Oidium,27%,32%,29%,33%,29%,27%,33%
9958,MAGSV05,Sv-5,Peronospora,73%,68%,71%,67%,71%,73%,67%
9959,MAGGLE13,Glera-13,Oidium,27%,35%,28%,32%,28%,34%,29%
9959,MAGGLE13,Glera-13,Peronospora,73%,65%,72%,68%,72%,66%,71%
9962,MAGGLE13,Glera-13_1,Oidium,45%,42%,51%,47%,42%,33%,36%
9962,MAGGLE13,Glera-13_1,Peronospora,55%,58%,49%,53%,58%,67%,64%
9964,MAGMER11,Mer-11,Oidium,33%,33%,33%,32%,37%,30%,38%
9964,MAGMER11,Mer-11,Peronospora,67%,67%,67%,68%,63%,70%,62%
9965,MAGGLE14,Glera-14,Oidium,35%,35%,28%,36%,34%,34%,34%
9965,MAGGLE14,Glera-14,Peronospora,65%,65%,72%,64%,66%,66%,66%
9968,MAGPG03,Pg-3,Oidium,41%,53%,51%,49%,52%,43%,28%
9968,MAGPG03,Pg-3,Peronospora,59%,47%,49%,51%,48%,57%,72%
9970,MAGSV05,Sv-5,Oidium,10%,23%,34%,27%,31%,23%,25%
9970,MAGSV05,Sv-5,Peronospora,90%,77%,66%,73%,69%,77%,75%
9971,MAGFR08,ToFr-8,Oidium,39%,34%,23%,34%,40%,32%,30%
9971,MAGFR08,ToFr-8,Peronospora,61%,66%,77%,66%,60%,68%,70%
9978,MAGVER09,Verduzzo,Oidium,45%,42%,51%,47%,42%,33%,36%
9978,MAGVER09,Verduzzo,Peronospora,55%,58%,49%,53%,58%,67%,64%
9980,MAGPG01,Pg-1,Oidium,40%,48%,48%,48%,48%,42%,32%
9980,MAGPG01,Pg-1,Peronospora,60%,52%,52%,52%,52%,58%,68%
9981,MAGPG02,Pg-2,Oidium,29%,37%,31%,30%,36%,34%,25%
9981,MAGPG02,Pg-2,Peronospora,71%,63%,69%,70%,64%,66%,75%
9983,MAGTR07,Tra-7,Oidium,34%,38%,35%,30%,34%,30%,25%
9983,MAGTR07,Tra-7,Peronospora,66%,62%,65%,70%,66%,70%,75%
9986,MAGSV06,Sv-6,Oidium,26%,40%,28%,36%,33%,34%,40%
9986,MAGSV06,Sv-6,Peronospora,74%,60%,72%,64%,67%,66%,60%
9987,MAGCH10,Ch-10,Oidium,31%,42%,29%,33%,32%,31%,39%
9987,MAGCH10,Ch-10,Peronospora,69%,58%,71%,67%,68%,69%,61%
9990,MAGCF12,Cf-12,Oidium,48%,52%,48%,57%,39%,40%,35%
9990,MAGCF12,Cf-12,Peronospora,52%,48%,52%,43%,61%,60%,65%
9992,MAGSV04,Sv-4,Oidium,40%,49%,47%,44%,52%,37%,32%
9992,MAGSV04,Sv-4,Peronospora,60%,51%,53%,56%,48%,63%,68%
9993,VISTMER01,Mer-Colombera,Oidium,31%,28%,34%,28%,23%,20%,25%
9993,VISTMER01,Mer-Colombera,Peronospora,69%,72%,66%,72%,77%,80%,75%
9994,VISTREB01,Rebo-2005,Oidium,32%,29%,33%,32%,32%,26%,29%
9994,VISTREB01,Rebo-2005,Peronospora,68%,71%,67%,68%,68%,74%,71%
9996,VISTRDPR01,RefDPR-2005,Oidium,35%,25%,33%,39%,31%,28%,23%
9996,VISTRDPR01,RefDPR-2005,Peronospora,65%,75%,67%,61%,69%,72%,77%
9997,VISTR01,ToFr-2005,Oidium,35%,28%,38%,42%,23%,22%,19%
9997,VISTR01,ToFr-2005,Peronospora,65%,72%,62%,58%,77%,78%,81%
9998,VISTMER01,Mer-1991,Oidium,36%,32%,37%,44%,27%,30%,23%
9998,VISTMER01,Mer-1991,Peronospora,64%,68%,63%,56%,73%,70%,77%
10000,VISTGLE01,Glera-Glera,Oidium,27%,29%,37%,48%,33%,25%,26%
10000,VISTGLE01,Glera-Glera,Peronospora,73%,71%,63%,52%,67%,75%,74%
10003,VISTMER02,Mer-1996,Oidium,31%,23%,24%,35%,43%,33%,33%
10003,VISTMER02,Mer-1996,Peronospora,69%,77%,76%,65%,57%,67%,67%
10005,VISTCF01,Cf-2001_sud,Oidium,32%,38%,40%,37%,39%,30%,31%
10005,VISTCF01,Cf-2001_sud,Peronospora,68%,62%,60%,63%,61%,70%,69%
10007,VISTMER03,Mer-2001_nord,Oidium,33%,28%,35%,35%,32%,25%,33%
10007,VISTMER03,Mer-2001_nord,Peronospora,67%,72%,65%,65%,68%,75%,67%
10009,VISTMER04,Mer-2000_sud,Oidium,33%,29%,35%,36%,32%,26%,33%
10009,VISTMER04,Mer-2000_sud,Peronospora,67%,71%,65%,64%,68%,74%,67%
10010,VISTMER05,Mer-2000_nord,Oidium,40%,44%,44%,50%,47%,45%,43%
10010,VISTMER05,Mer-2000_nord,Peronospora,60%,56%,56%,50%,53%,55%,57%
10012,VISTMER06,Mer1999_sud            ,Oidium,30%,24%,28%,30%,22%,27%,30%
10012,VISTMER06,Mer1999_sud            ,Peronospora,70%,76%,72%,70%,78%,73%,70%
10013,VISTMER07,Mer-1999 nord                 ,Oidium,28%,36%,30%,33%,33%,35%,27%
10013,VISTMER07,Mer-1999 nord                 ,Peronospora,72%,64%,70%,67%,67%,65%,73%
10017,VISTMER08,Mer- 1998_SUD,Oidium,39%,48%,37%,36%,35%,33%,38%
10017,VISTMER08,Mer- 1998_SUD,Peronospora,61%,52%,63%,64%,65%,67%,62%
10018,VISTMER09,Mer-1998_nord         ,Oidium,25%,41%,35%,37%,35%,22%,26%
10018,VISTMER09,Mer-1998_nord         ,Peronospora,75%,59%,65%,63%,65%,78%,74%
10032,VISTMER10,Mer-1997_B_Sud,Oidium,25%,31%,27%,29%,24%,24%,30%
10032,VISTMER10,Mer-1997_B_Sud,Peronospora,75%,69%,73%,71%,76%,76%,70%
10043,VISTMER11,Mer 1997_B_Nord    ,Oidium,13%,14%,26%,25%,20%,28%,33%
10043,VISTMER11,Mer 1997_B_Nord    ,Peronospora,87%,86%,74%,75%,80%,72%,67%
10052,VISTMER12,Mer_1997_A_sud,Oidium,32%,32%,34%,29%,30%,30%,39%
10052,VISTMER12,Mer_1997_A_sud,Peronospora,68%,68%,66%,71%,70%,70%,61%
10058,ERMREF01,Ref-Mario,Oidium,36%,26%,26%,26%,28%,22%,38%
10058,ERMREF01,Ref-Mario,Peronospora,64%,74%,74%,74%,72%,78%,62%
10063,VIACH01,Ch-Judrio,Oidium,46%,54%,47%,46%,41%,36%,47%
10063,VIACH01,Ch-Judrio,Peronospora,54%,46%,53%,54%,59%,64%,53%
10077,VISTMER13,Mer_1997_A_nord,Oidium,58%,61%,60%,58%,55%,50%,45%
10077,VISTMER13,Mer_1997_A_nord,Peronospora,42%,39%,40%,42%,45%,50%,55%
10182,VIAIM01,IncM-Judrio,Oidium,25%,21%,28%,25%,25%,28%,32%
10182,VIAIM01,IncM-Judrio,Peronospora,75%,79%,72%,75%,75%,72%,68%
10202,VIASCH01,Sch-Judrio,Oidium,23%,28%,34%,21%,19%,32%,30%
10202,VIASCH01,Sch-Judrio,Peronospora,77%,72%,66%,79%,81%,68%,70%
10223,VIAPIG01,Pig-Collina Alta,Oidium,22%,28%,39%,37%,27%,32%,33%
10223,VIAPIG01,Pig-Collina Alta,Peronospora,78%,72%,61%,63%,73%,68%,67%
10254,VISTANC02,ancellotta-2003,Oidium,48%,43%,45%,40%,38%,44%,47%
10254,VISTANC02,ancellotta-2003,Peronospora,52%,57%,55%,60%,62%,56%,53%
10255,VISCF02,Cf-2003,Oidium,48%,42%,42%,43%,36%,29%,35%
10255,VISCF02,Cf-2003,Peronospora,52%,58%,58%,57%,64%,71%,65%
10256,VISTRDPR02,Ref DPR-2003,Oidium,60%,60%,56%,55%,60%,59%,51%
10256,VISTRDPR02,Ref DPR-2003,Peronospora,40%,40%,44%,45%,40%,41%,49%
10257,VISTMER14,Mer-Ridiel,Oidium,46%,44%,39%,41%,41%,35%,40%
10257,VISTMER14,Mer-Ridiel,Peronospora,54%,56%,61%,59%,59%,65%,60%
10258,VISTTR02,ToFr-Tocai,Oidium,53%,50%,54%,46%,38%,33%,30%
10258,VISTTR02,ToFr-Tocai,Peronospora,47%,50%,46%,54%,62%,67%,70%
10259,PUISV01,Sau - Nuovo Romans,Oidium,63%,62%,58%,59%,57%,51%,44%
10259,PUISV01,Sau - Nuovo Romans,Peronospora,37%,38%,42%,41%,43%,49%,56%
10260,PUIPG02,Pg - Pali Cemento Romans,Oidium,62%,56%,52%,46%,39%,49%,35%
10260,PUIPG02,Pg - Pali Cemento Romans,Peronospora,38%,44%,48%,54%,61%,51%,65%
10261,PUIPN01,Pn - Vecchio Romans,Oidium,39%,34%,42%,34%,31%,28%,34%
10261,PUIPN01,Pn - Vecchio Romans,Peronospora,61%,66%,58%,66%,69%,72%,66%
10263,PUIPN03,Pn - Giovane Romans,Oidium,49%,39%,38%,45%,31%,48%,45%
10263,PUIPN03,Pn - Giovane Romans,Peronospora,51%,61%,62%,55%,69%,52%,55%
10264,PUIPG07,Pg-24File,Oidium,37%,45%,46%,50%,42%,45%,51%
10264,PUIPG07,Pg-24File,Peronospora,63%,55%,54%,50%,58%,55%,49%
10265,PUIPG09,Pg-30File,Oidium,32%,31%,39%,34%,26%,33%,40%
10265,PUIPG09,Pg-30File,Peronospora,68%,69%,61%,66%,74%,67%,60%
10266,PUICH02,Cha - Vecchio Romans,Oidium,36%,39%,41%,38%,41%,39%,37%
10266,PUICH02,Cha - Vecchio Romans,Peronospora,64%,61%,59%,62%,59%,61%,63%
10267,PUISV02,Sau - Vecchio Romans,Oidium,32%,35%,40%,35%,34%,30%,31%
10267,PUISV02,Sau - Vecchio Romans,Peronospora,68%,65%,60%,65%,66%,70%,69%
10268,PUITR01,TraAro-Romans,Oidium,43%,47%,48%,45%,38%,37%,45%
10268,PUITR01,TraAro-Romans,Peronospora,57%,53%,52%,55%,62%,63%,55%
10269,PUICH03,Cha - 2 ha Romans,Oidium,40%,44%,36%,39%,38%,42%,45%
10269,PUICH03,Cha - 2 ha Romans,Peronospora,60%,56%,64%,61%,62%,58%,55%
10270,PUITC03,ToFr - 2 ha Romans,Oidium,43%,42%,42%,40%,41%,40%,46%
10270,PUITC03,ToFr - 2 ha Romans,Peronospora,57%,58%,58%,60%,59%,60%,54%
10271,PUIPG10,Pg-22File,Oidium,40%,40%,30%,35%,39%,38%,38%
10271,PUIPG10,Pg-22File,Peronospora,60%,60%,70%,65%,61%,62%,62%
10272,PUIPG11,Pg-39File,Oidium,29%,27%,30%,33%,27%,28%,23%
10272,PUIPG11,Pg-39File,Peronospora,71%,73%,70%,67%,73%,72%,77%
10273,PUICH04,Cha - Nuovo Romans,Oidium,31%,40%,35%,44%,39%,38%,26%
10273,PUICH04,Cha - Nuovo Romans,Peronospora,69%,60%,65%,56%,61%,62%,74%
10274,PUITC04,ToFr - Nuovo Romans,Oidium,28%,39%,40%,47%,38%,28%,26%
10274,PUITC04,ToFr - Nuovo Romans,Peronospora,72%,61%,60%,53%,62%,72%,74%
10275,PUIRB02,RibRomans,Oidium,36%,39%,38%,18%,15%,22%,23%
10275,PUIRB02,RibRomans,Peronospora,64%,61%,62%,82%,85%,78%,77%
10276,GIGSV01,Sv-Rovere,Oidium,29%,16%,16%,15%,8%,13%,15%
10276,GIGSV01,Sv-Rovere,Peronospora,71%,84%,84%,85%,92%,87%,85%
10277,GIGCABF03,Cf-Rovere,Oidium,33%,22%,28%,27%,23%,20%,18%
10277,GIGCABF03,Cf-Rovere,Peronospora,67%,78%,72%,73%,77%,80%,82%
10278,GIGSV02,Sv-Magnan,Oidium,40%,44%,40%,42%,30%,23%,29%
10278,GIGSV02,Sv-Magnan,Peronospora,60%,56%,60%,58%,70%,77%,71%
10279,CENMR02,Mer-Ritocchino,Oidium,66%,68%,66%,67%,70%,68%,69%
10279,CENMR02,Mer-Ritocchino,Peronospora,34%,32%,34%,33%,30%,32%,31%
10280,CENSCH02,Sch-Ritocchino,Oidium,63%,62%,63%,61%,65%,63%,70%
10280,CENSCH02,Sch-Ritocchino,Peronospora,37%,38%,37%,39%,35%,37%,30%
10281,GIGCABF02,Cf-Magnan1,Oidium,42%,39%,40%,43%,35%,35%,38%
10281,GIGCABF02,Cf-Magnan1,Peronospora,58%,61%,60%,57%,65%,65%,62%
10282,GIGPING01,Pg-Magnan,Oidium,26%,32%,40%,32%,40%,39%,34%
10282,GIGPING01,Pg-Magnan,Peronospora,74%,68%,60%,68%,60%,61%,66%
10283,GIGSV03,Sv-Sottostrada,Oidium,31%,39%,36%,32%,27%,24%,22%
10283,GIGSV03,Sv-Sottostrada,Peronospora,69%,61%,64%,68%,73%,76%,78%
10284,GIGPING01,Pg-Sottostrada,Oidium,32%,34%,46%,30%,36%,25%,28%
10284,GIGPING01,Pg-Sottostrada,Peronospora,68%,66%,54%,70%,64%,75%,72%
10285,GIGMER04,Mer-Sottostrada,Oidium,32%,34%,45%,33%,31%,30%,36%
10285,GIGMER04,Mer-Sottostrada,Peronospora,68%,66%,55%,67%,69%,70%,64%
10286,CENRF02,Ref-Ritocchino,Oidium,65%,57%,68%,71%,77%,74%,66%
10286,CENRF02,Ref-Ritocchino,Peronospora,35%,43%,32%,29%,23%,26%,34%
10287,GIGFRI05,ToFr-Sottostrada,Oidium,18%,27%,38%,36%,35%,31%,28%
10287,GIGFRI05,ToFr-Sottostrada,Peronospora,82%,73%,62%,64%,65%,69%,72%
10288,GIGCHA01,Ch-Quadrel,Oidium,29%,23%,28%,27%,36%,36%,35%
10288,GIGCHA01,Ch-Quadrel,Peronospora,71%,77%,72%,73%,64%,64%,65%
10289,GIGCHA02,Ch-Diga,Oidium,24%,26%,38%,28%,20%,27%,33%
10289,GIGCHA02,Ch-Diga,Peronospora,76%,74%,62%,72%,80%,73%,67%
10290,GIGREF01,Ref-Diga,Oidium,34%,31%,51%,42%,31%,28%,32%
10290,GIGREF01,Ref-Diga,Peronospora,66%,69%,49%,58%,69%,72%,68%
10297,VIATAZ01,Taz-Judrio,Oidium,40%,43%,37%,42%,41%,37%,46%
10297,VIATAZ01,Taz-Judrio,Peronospora,60%,57%,63%,58%,59%,63%,54%
11290,VIAOSE01,Ose-Judrio,Oidium,51%,54%,56%,39%,35%,31%,28%
11290,VIAOSE01,Ose-Judrio,Peronospora,49%,46%,44%,61%,65%,69%,72%
11316,VIAMR02,Mer-Judrio,Oidium,48%,52%,58%,41%,38%,35%,28%
11316,VIAMR02,Mer-Judrio,Peronospora,52%,48%,42%,59%,62%,65%,72%
11489,VIACF01,Cf-Judrio,Oidium,35%,29%,39%,40%,31%,30%,41%
11489,VIACF01,Cf-Judrio,Peronospora,65%,71%,61%,60%,69%,70%,59%
11492,VIACSV01,Csv-Judrio,Oidium,35%,29%,39%,40%,31%,30%,41%
11492,VIACSV01,Csv-Judrio,Peronospora,65%,71%,61%,60%,69%,70%,59%
11505,VIACB01,Cabernet-Judrio,Oidium,39%,38%,37%,42%,36%,38%,39%
11505,VIACB01,Cabernet-Judrio,Peronospora,61%,62%,63%,58%,64%,62%,61%
11506,BGTPG01,Pg-SanQuirino,Oidium,42%,39%,41%,35%,41%,41%,37%
11506,BGTPG01,Pg-SanQuirino,Peronospora,58%,61%,59%,65%,59%,59%,63%
11511,BGTRB01,RibG-Pradis,Oidium,35%,34%,43%,35%,34%,31%,34%
11511,BGTRB01,RibG-Pradis,Peronospora,65%,66%,57%,65%,66%,69%,66%
11561,BGTTC02,ToFr-Preval,Oidium,37%,39%,40%,34%,33%,34%,37%
11561,BGTTC02,ToFr-Preval,Peronospora,63%,61%,60%,66%,67%,66%,63%
11583,SRESV03,Sau - Broili MolinNuovo,Oidium,43%,44%,40%,40%,43%,42%,31%
11583,SRESV03,Sau - Broili MolinNuovo,Peronospora,57%,56%,60%,60%,57%,58%,69%
11645,GIGSV04,Sv-Diga,Oidium,39%,34%,34%,28%,29%,31%,34%
11645,GIGSV04,Sv-Diga,Peronospora,61%,66%,66%,72%,71%,69%,66%
11711,SREPG02,Pg - Broili MolinNuovo ,Oidium,21%,29%,36%,39%,20%,32%,36%
11711,SREPG02,Pg - Broili MolinNuovo ,Peronospora,79%,71%,64%,61%,80%,68%,64%
11731,SRECH04,Cha - MolinNuovo,Oidium,43%,44%,40%,40%,43%,43%,31%
11731,SRECH04,Cha - MolinNuovo,Peronospora,57%,56%,60%,60%,57%,57%,69%
11816,SREMT03,Mer - Vecchio MolinNuovo,Oidium,48%,48%,46%,47%,44%,43%,48%
11816,SREMT03,Mer - Vecchio MolinNuovo,Peronospora,52%,52%,54%,53%,56%,57%,52%
11819,GIGSCH01,Sch-Luciano,Oidium,27%,30%,26%,25%,29%,26%,30%
11819,GIGSCH01,Sch-Luciano,Peronospora,73%,70%,74%,75%,71%,74%,70%
11874,SRECAR03,Car - Keber MolinNuovo,Oidium,23%,26%,22%,23%,11%,27%,31%
11874,SRECAR03,Car - Keber MolinNuovo,Peronospora,77%,74%,78%,77%,89%,73%,69%
11894,SREVER03,Ver - MolinNuovo ,Oidium,24%,24%,19%,23%,11%,27%,30%
11894,SREVER03,Ver - MolinNuovo ,Peronospora,76%,76%,81%,77%,89%,73%,70%
11948,CENPN01,Pn-Piano,Oidium,55%,48%,44%,51%,50%,44%,44%
11948,CENPN01,Pn-Piano,Peronospora,45%,52%,56%,49%,50%,56%,56%
11968,SRETO02,ToFr-Gorga,Oidium,14%,28%,21%,14%,15%,27%,32%
11968,SRETO02,ToFr-Gorga,Peronospora,86%,72%,79%,86%,85%,73%,68%
12006,SRESV01,Sv-Gorga,Oidium,31%,39%,37%,22%,17%,34%,31%
12006,SRESV01,Sv-Gorga,Peronospora,69%,61%,63%,78%,83%,66%,69%
12026,SREMAL01,Mal-Licinio,Oidium,31%,39%,37%,22%,17%,34%,32%
12026,SREMAL01,Mal-Licinio,Peronospora,69%,61%,63%,78%,83%,66%,68%
12288,GIGFRI01,ToFr-Ciliegi,Oidium,48%,44%,46%,45%,42%,37%,37%
12288,GIGFRI01,ToFr-Ciliegi,Peronospora,52%,56%,54%,55%,58%,63%,63%
12338,SRETO01,ToFr-Licinio,Oidium,31%,29%,39%,35%,31%,33%,40%
12338,SRETO01,ToFr-Licinio,Peronospora,69%,71%,61%,65%,69%,67%,60%
12373,TIARIBG01,RibG-piscina,Oidium,34%,29%,38%,36%,33%,36%,38%
12373,TIARIBG01,RibG-piscina,Peronospora,66%,71%,62%,64%,67%,64%,62%
12526,TIASV01,Sv-Piscina,Oidium,55%,48%,47%,47%,43%,37%,46%
12526,TIASV01,Sv-Piscina,Peronospora,45%,52%,53%,53%,57%,63%,54%
12528,CENSV01,Sv-Piano,Oidium,31%,25%,25%,33%,36%,34%,26%
12528,CENSV01,Sv-Piano,Peronospora,69%,75%,75%,67%,64%,66%,74%
12532,TIASV02,Sv-Reka,Oidium,42%,46%,48%,43%,39%,38%,45%
12532,TIASV02,Sv-Reka,Peronospora,58%,54%,52%,57%,61%,62%,55%
12535,GIGPIG01,Pig-Soprastrada,Oidium,64%,54%,57%,51%,39%,43%,47%
12535,GIGPIG01,Pig-Soprastrada,Peronospora,36%,46%,43%,49%,61%,57%,53%
12539,TIARIBG02,RibG-Judrio,Oidium,37%,41%,41%,38%,41%,38%,37%
12539,TIARIBG02,RibG-Judrio,Peronospora,63%,59%,59%,62%,59%,62%,63%
12541,TIASCH01,Sch-Judrio sovrainnestato nel 2016,Oidium,37%,41%,41%,38%,41%,38%,37%
12541,TIASCH01,Sch-Judrio sovrainnestato nel 2016,Peronospora,63%,59%,59%,62%,59%,62%,63%
12580,CENSC01,Sch-Piano,Oidium,36%,34%,38%,35%,32%,31%,39%
12580,CENSC01,Sch-Piano,Peronospora,64%,66%,62%,65%,68%,69%,61%
12636,TIASV02,Sv-Bosco1,Oidium,15%,32%,42%,27%,22%,27%,31%
12636,TIASV02,Sv-Bosco1,Peronospora,85%,68%,58%,73%,78%,73%,69%
12707,GIGMER02,Mer-Riserva,Oidium,17%,33%,28%,13%,20%,30%,34%
12707,GIGMER02,Mer-Riserva,Peronospora,83%,67%,72%,87%,80%,70%,66%
12708,CENCS01,Csv-Piano,Oidium,30%,30%,26%,25%,29%,25%,30%
12708,CENCS01,Csv-Piano,Peronospora,70%,70%,74%,75%,71%,75%,70%
12718,TIASV03,Sau - Agrisosta,Oidium,37%,41%,40%,43%,48%,40%,46%
12718,TIASV03,Sau - Agrisosta,Peronospora,63%,59%,60%,57%,52%,60%,54%
12888,GIGFRI03,ToFr-Storico,Oidium,46%,34%,36%,34%,32%,31%,35%
12888,GIGFRI03,ToFr-Storico,Peronospora,54%,66%,64%,66%,68%,69%,65%
12927,GIGSCH04,Sch-Storico,Oidium,25%,16%,25%,25%,16%,28%,33%
12927,GIGSCH04,Sch-Storico,Peronospora,75%,84%,75%,75%,84%,72%,67%
12969,TIACAR01,Car - Moraro,Oidium,45%,44%,47%,36%,32%,28%,30%
12969,TIACAR01,Car - Moraro,Peronospora,55%,56%,53%,64%,68%,72%,70%
13046,TIACSV01,CabSau - Moraro,Oidium,28%,40%,26%,28%,19%,21%,21%
13046,TIACSV01,CabSau - Moraro,Peronospora,72%,60%,74%,72%,81%,79%,79%
13064,VRSMER06,Mer - Cantina Giasbana,Oidium,42%,40%,48%,44%,43%,34%,33%
13064,VRSMER06,Mer - Cantina Giasbana,Peronospora,58%,60%,52%,56%,57%,66%,67%
13067,VRSPB01,Pb - Giasbana,Oidium,41%,39%,47%,43%,42%,32%,32%
13067,VRSPB01,Pb - Giasbana,Peronospora,59%,61%,53%,57%,58%,68%,68%
13069,VRSPG05,Pg - Silvoz Mossa,Oidium,49%,40%,48%,43%,41%,32%,33%
13069,VRSPG05,Pg - Silvoz Mossa,Peronospora,51%,60%,52%,57%,59%,68%,67%
13092,VRSCHA06,Pg - Gradisciutta Giasbana,Oidium,18%,19%,23%,27%,16%,29%,27%
13092,VRSCHA06,Pg - Gradisciutta Giasbana,Peronospora,82%,81%,77%,73%,84%,71%,73%
13097,VRSCHA03,Cha - Collina Basso Giasbana,Oidium,28%,37%,31%,27%,31%,26%,29%
13097,VRSCHA03,Cha - Collina Basso Giasbana,Peronospora,72%,63%,69%,73%,69%,74%,71%
13102,VRSSV07,Sau - Collina Giasbana,Oidium,33%,31%,47%,39%,32%,32%,34%
13102,VRSSV07,Sau - Collina Giasbana,Peronospora,67%,69%,53%,61%,68%,68%,66%
13108,VRSPG07,Pg - Nuovo Capannone Mossa,Oidium,42%,45%,54%,47%,37%,38%,33%
13108,VRSPG07,Pg - Nuovo Capannone Mossa,Peronospora,58%,55%,46%,53%,63%,62%,67%
13125,VRSMER01,Pg - Pezzo Grande Mossa,Oidium,23%,28%,37%,31%,20%,27%,31%
13125,VRSMER01,Pg - Pezzo Grande Mossa,Peronospora,77%,72%,63%,69%,80%,73%,69%
13136,CENCF01,Cf-Piano,Oidium,20%,26%,43%,29%,14%,23%,32%
13136,CENCF01,Cf-Piano,Peronospora,80%,74%,57%,71%,86%,77%,68%
13154,CENSV02,Sv-Piano1,Oidium,20%,26%,44%,30%,12%,22%,32%
13154,CENSV02,Sv-Piano1,Peronospora,80%,74%,56%,70%,88%,78%,68%
13161,VRSPG02,Sau - Pezzo Grande Mossa,Oidium,24%,30%,45%,31%,14%,26%,34%
13161,VRSPG02,Sau - Pezzo Grande Mossa,Peronospora,76%,70%,55%,69%,86%,74%,66%
13162,CENIM01,IncM-Piano,Oidium,20%,26%,44%,30%,12%,22%,32%
13162,CENIM01,IncM-Piano,Peronospora,80%,74%,56%,70%,88%,78%,68%
13180,VRSMR02,Mer - Mossa,Oidium,41%,40%,48%,44%,43%,34%,33%
13180,VRSMR02,Mer - Mossa,Peronospora,59%,60%,52%,56%,57%,66%,67%
13205,VRSPG01,Pg - Mossa,Oidium,41%,39%,46%,43%,41%,33%,32%
13205,VRSPG01,Pg - Mossa,Peronospora,59%,61%,54%,57%,59%,67%,68%
13220,VRSMR03,Mer - Vecchio Mossa,Oidium,41%,39%,47%,43%,41%,33%,32%
13220,VRSMR03,Mer - Vecchio Mossa,Peronospora,59%,61%,53%,57%,59%,67%,68%
13228,VRSCHA01,Cha - Vecchio Mossa,Oidium,41%,39%,46%,43%,41%,33%,32%
13228,VRSCHA01,Cha - Vecchio Mossa,Peronospora,59%,61%,54%,57%,59%,67%,68%
13246,VRSCS01,CabSau - Mossa,Oidium,26%,34%,29%,28%,28%,28%,31%
13246,VRSCS01,CabSau - Mossa,Peronospora,74%,66%,71%,72%,72%,72%,69%
13254,VRSRF01,Ref - Mossa 01,Oidium,65%,60%,64%,61%,50%,43%,41%
13254,VRSRF01,Ref - Mossa 01,Peronospora,35%,40%,36%,39%,50%,57%,59%
13274,VRSSCH01,Sch - Mossa,Oidium,49%,50%,52%,48%,44%,39%,44%
13274,VRSSCH01,Sch - Mossa,Peronospora,51%,50%,48%,52%,56%,61%,56%
13284,VRSPG05,Pg - Nuovo Mossa,Oidium,47%,53%,61%,59%,55%,48%,38%
13284,VRSPG05,Pg - Nuovo Mossa,Peronospora,53%,47%,39%,41%,45%,52%,62%
13321,VRSPG06,Pg - Collina Giasbana,Oidium,10%,22%,28%,24%,14%,15%,17%
13321,VRSPG06,Pg - Collina Giasbana,Peronospora,90%,78%,72%,76%,86%,85%,83%
13406,VRSSV02,Sau - Capannone Mossa,Oidium,31%,40%,40%,29%,23%,26%,32%
13406,VRSSV02,Sau - Capannone Mossa,Peronospora,69%,60%,60%,71%,77%,74%,68%
13428,VRSPG03,Ref - Mossa,Oidium,47%,49%,44%,39%,43%,32%,34%
13428,VRSPG03,Ref - Mossa,Peronospora,53%,51%,56%,61%,57%,68%,66%
13523,VRSFR03,ToFr - Barbais,Oidium,16%,22%,30%,26%,20%,27%,40%
13523,VRSFR03,ToFr - Barbais,Peronospora,84%,78%,70%,74%,80%,73%,60%
13621,VRSPG05,Pg - Capannone Mossa,Oidium,28%,32%,34%,25%,22%,25%,31%
13621,VRSPG05,Pg - Capannone Mossa,Peronospora,72%,68%,66%,75%,78%,75%,69%
13625,CENPG01,Pg - Piano,Oidium,30%,31%,33%,24%,29%,31%,34%
13625,CENPG01,Pg - Piano,Peronospora,70%,69%,67%,76%,71%,69%,66%
13636,COMSV02,Sau - Bondio,Oidium,52%,45%,43%,47%,40%,36%,40%
13636,COMSV02,Sau - Bondio,Peronospora,48%,55%,57%,53%,60%,64%,60%
13648,VRSMAL05,Mal-Barbais,Oidium,30%,32%,31%,35%,32%,31%,23%
13648,VRSMAL05,Mal-Barbais,Peronospora,70%,68%,69%,65%,68%,69%,77%
13670,VRSFR03,ToFr-Palazzo,Oidium,38%,33%,39%,37%,26%,35%,29%
13670,VRSFR03,ToFr-Palazzo,Peronospora,62%,67%,61%,63%,74%,65%,71%
13675,VRSCHA02,Ch-Palazzo,Oidium,31%,35%,32%,32%,37%,25%,32%
13675,VRSCHA02,Ch-Palazzo,Peronospora,69%,65%,68%,68%,63%,75%,68%
13676,VRSFR04,ToFr-Silvaner,Oidium,28%,34%,31%,37%,29%,30%,26%
13676,VRSFR04,ToFr-Silvaner,Peronospora,72%,66%,69%,63%,71%,70%,74%
13680,VRSMAL06,Mal-Palazzo,Oidium,29%,33%,30%,33%,31%,30%,21%
13680,VRSMAL06,Mal-Palazzo,Peronospora,71%,67%,70%,67%,69%,70%,79%
13681,VRSRB05,RibG - Barbais,Oidium,29%,32%,31%,35%,34%,29%,26%
13681,VRSRB05,RibG - Barbais,Peronospora,71%,68%,69%,65%,66%,71%,74%
13691,VRSPG06,Pg - Barbais,Oidium,27%,38%,31%,36%,31%,23%,17%
13691,VRSPG06,Pg - Barbais,Peronospora,73%,62%,69%,64%,69%,77%,83%
13692,VRSMER09,Mer-Piramide,Oidium,26%,42%,36%,35%,32%,20%,16%
13692,VRSMER09,Mer-Piramide,Peronospora,74%,58%,64%,65%,68%,80%,84%
13698,VRSCS04,Csv-Schioppetto,Oidium,29%,39%,31%,41%,37%,29%,24%
13698,VRSCS04,Csv-Schioppetto,Peronospora,71%,61%,69%,59%,63%,71%,76%
14248,VRSSV07,Sv-Mausoleo,Oidium,24%,26%,36%,34%,20%,31%,39%
14248,VRSSV07,Sv-Mausoleo,Peronospora,76%,74%,64%,66%,80%,69%,61%
15115,VRSSV09,Mer - Nuovo Mausoleo,Oidium,39%,34%,47%,44%,35%,30%,33%
15115,VRSSV09,Mer - Nuovo Mausoleo,Peronospora,61%,66%,53%,56%,65%,70%,67%
15185,VRSSV09,Cha - Silvaner,Oidium,29%,28%,28%,31%,24%,25%,32%
15185,VRSSV09,Cha - Silvaner,Peronospora,71%,72%,72%,69%,76%,75%,68%
15194,VRSCS05,CabSau - RUSSIZ,Oidium,32%,36%,38%,39%,36%,31%,38%
15194,VRSCS05,CabSau - RUSSIZ,Peronospora,68%,64%,62%,61%,64%,69%,62%
15199,VRSPB05,Cha - Pb Cantina Giasbana,Oidium,35%,36%,45%,42%,31%,24%,34%
15199,VRSPB05,Cha - Pb Cantina Giasbana,Peronospora,65%,64%,55%,58%,69%,76%,66%
15393,VRSSV10,Cha - Pb Schioppetto,Oidium,15%,32%,41%,25%,23%,26%,31%
15393,VRSSV10,Cha - Pb Schioppetto,Peronospora,85%,68%,59%,75%,77%,74%,69%
15408,VRSSV11,Sau - Schioppetto,Oidium,26%,31%,44%,35%,19%,23%,28%
15408,VRSSV11,Sau - Schioppetto,Peronospora,74%,69%,56%,65%,81%,77%,72%
15482,VRSSV12,Pg - Nini,Oidium,48%,41%,29%,37%,37%,37%,25%
15482,VRSSV12,Pg - Nini,Peronospora,52%,59%,71%,63%,63%,63%,75%
15494,VRSCHA05,Ch-Acquedotto,Oidium,47%,43%,31%,38%,39%,39%,24%
15494,VRSCHA05,Ch-Acquedotto,Peronospora,53%,57%,69%,62%,61%,61%,76%
15502,VRSFR06,ToFr - Vecchio barbais,Oidium,46%,40%,33%,29%,36%,37%,30%
15502,VRSFR06,ToFr - Vecchio barbais,Peronospora,54%,60%,67%,71%,64%,63%,70%
15516,VRSPN04,Sau - Sotto Acquedotto Schioppetto,Oidium,45%,38%,33%,30%,37%,34%,33%
15516,VRSPN04,Sau - Sotto Acquedotto Schioppetto,Peronospora,55%,62%,67%,70%,63%,66%,67%
15565,VRSFR08,ToFr-Anfiteatro,Oidium,35%,30%,24%,34%,32%,34%,24%
15565,VRSFR08,ToFr-Anfiteatro,Peronospora,65%,70%,76%,66%,68%,66%,76%
15617,GIGVER01,Ver-Storico,Oidium,43%,43%,46%,45%,50%,45%,46%
15617,GIGVER01,Ver-Storico,Peronospora,57%,57%,54%,55%,50%,55%,54%
15626,VRSSV12,Sau - Piramide,Oidium,44%,41%,30%,35%,35%,41%,36%
15626,VRSSV12,Sau - Piramide,Peronospora,56%,59%,70%,65%,65%,59%,64%
15637,VRSPN05,Pn-Piramide1,Oidium,39%,41%,48%,48%,49%,43%,44%
15637,VRSPN05,Pn-Piramide1,Peronospora,61%,59%,52%,52%,51%,57%,56%
15640,COMPING01,Pg - Bondio,Oidium,47%,46%,53%,53%,54%,48%,47%
15640,COMPING01,Pg - Bondio,Peronospora,53%,54%,47%,47%,46%,52%,53%
15641,GIGPING04,Pg-Baracca,Oidium,44%,49%,51%,49%,52%,52%,50%
15641,GIGPING04,Pg-Baracca,Peronospora,56%,51%,49%,51%,48%,48%,50%
15646,VRSFR10,ToFr-Piramide,Oidium,50%,35%,35%,33%,34%,42%,35%
15646,VRSFR10,ToFr-Piramide,Peronospora,50%,65%,65%,67%,66%,58%,65%
15654,VRSMR06,Mer-Mausoleo,Oidium,40%,45%,45%,43%,49%,43%,45%
15654,VRSMR06,Mer-Mausoleo,Peronospora,60%,55%,55%,57%,51%,57%,55%
15658,VRSFR12,ToFr-Piramide1,Oidium,48%,36%,35%,36%,30%,36%,36%
15658,VRSFR12,ToFr-Piramide1,Peronospora,52%,64%,65%,64%,70%,64%,64%
15699,COMMER01,Mer - Bondio,Oidium,22%,28%,32%,23%,22%,24%,38%
15699,COMMER01,Mer - Bondio,Peronospora,78%,72%,68%,77%,78%,76%,62%
15702,VRSSV13,Sv-Piramide1,Oidium,18%,28%,26%,22%,20%,10%,20%
15702,VRSSV13,Sv-Piramide1,Peronospora,82%,72%,74%,78%,80%,90%,80%
15707,VRSPG13,Pg - Vincenzo Mausoleo,Oidium,12%,26%,23%,18%,16%,13%,18%
15707,VRSPG13,Pg - Vincenzo Mausoleo,Peronospora,88%,74%,77%,82%,84%,87%,82%
15717,VRSRIB07,Rib-Tesa,Oidium,15%,24%,29%,24%,14%,17%,19%
15717,VRSRIB07,Rib-Tesa,Peronospora,85%,76%,71%,76%,86%,83%,81%
15718,VRSSV16,Sv-Silvaner,Oidium,12%,26%,22%,22%,19%,14%,16%
15718,VRSSV16,Sv-Silvaner,Peronospora,88%,74%,78%,78%,81%,86%,84%
15719,VRSFR12,ToFr-Piramide2,Oidium,17%,23%,27%,22%,17%,15%,20%
15719,VRSFR12,ToFr-Piramide2,Peronospora,83%,77%,73%,78%,83%,85%,80%
15727,VRSPB06,Pg - Silvaner,Oidium,14%,23%,22%,19%,13%,9%,17%
15727,VRSPB06,Pg - Silvaner,Peronospora,86%,77%,78%,81%,87%,91%,83%
15738,VRSPG14,Pg - Basso Giasbana,Oidium,46%,42%,29%,34%,34%,37%,35%
15738,VRSPG14,Pg - Basso Giasbana,Peronospora,54%,58%,71%,66%,66%,63%,65%
15746,GIGMER06,Mer-Baracca,Oidium,50%,38%,37%,36%,35%,41%,39%
15746,GIGMER06,Mer-Baracca,Peronospora,50%,62%,63%,64%,65%,59%,61%
15759,GIGREF03,Ref-Baracca,Oidium,49%,35%,34%,36%,30%,36%,36%
15759,GIGREF03,Ref-Baracca,Peronospora,51%,65%,66%,64%,70%,64%,64%
15767,GIGVER02,Ver-Baracca,Oidium,39%,35%,49%,45%,43%,43%,40%
15767,GIGVER02,Ver-Baracca,Peronospora,61%,65%,51%,55%,57%,57%,60%
15768,GIGPIC01,Pic-Baracca,Oidium,38%,35%,49%,45%,43%,43%,40%
15768,GIGPIC01,Pic-Baracca,Peronospora,62%,65%,51%,55%,57%,57%,60%
15779,GIGFRIU05,ToFr-Dietro Capannone,Oidium,45%,39%,27%,33%,33%,36%,33%
15779,GIGFRIU05,ToFr-Dietro Capannone,Peronospora,55%,61%,73%,67%,67%,64%,67%
15854,VRSMR07,Mer-Tesa,Oidium,29%,33%,28%,21%,21%,21%,21%
15854,VRSMR07,Mer-Tesa,Peronospora,71%,67%,72%,79%,79%,79%,79%
15943,VRSCS07,Csv-Tesa,Oidium,23%,28%,43%,37%,21%,28%,30%
15943,VRSCS07,Csv-Tesa,Peronospora,77%,72%,57%,63%,79%,72%,70%
15962,VRSSV17,Sv - Tesa,Oidium,24%,26%,40%,35%,33%,36%,33%
15962,VRSSV17,Sv - Tesa,Peronospora,76%,74%,60%,65%,67%,64%,67%
15968,COMSV03,Sv - Cacciatore,Oidium,20%,23%,38%,33%,29%,30%,29%
15968,COMSV03,Sv - Cacciatore,Peronospora,80%,77%,62%,67%,71%,70%,71%
15970,COMRIE01,Rie-Cacciatore,Oidium,20%,23%,38%,32%,29%,30%,29%
15970,COMRIE01,Rie-Cacciatore,Peronospora,80%,77%,62%,68%,71%,70%,71%
15972,VRSRIB14,Cha - Collina Alta Giasbana,Oidium,23%,26%,41%,31%,33%,35%,34%
15972,VRSRIB14,Cha - Collina Alta Giasbana,Peronospora,77%,74%,59%,69%,67%,65%,66%
15983,VRSSV18,Sv - Tesa R3,Oidium,22%,25%,39%,32%,30%,34%,32%
15983,VRSSV18,Sv - Tesa R3,Peronospora,78%,75%,61%,68%,70%,66%,68%
16026,GIGRIB01,RibG-Dietro Capannone,Oidium,39%,38%,39%,42%,37%,41%,37%
16026,GIGRIB01,RibG-Dietro Capannone,Peronospora,61%,62%,61%,58%,63%,59%,63%
16035,COMSV01,Sv-Sottocasa,Oidium,44%,42%,46%,48%,46%,58%,44%
16035,COMSV01,Sv-Sottocasa,Peronospora,56%,58%,54%,52%,54%,42%,56%
16193,GIGVER04,Ver-Lello,Oidium,42%,39%,33%,38%,38%,44%,38%
16193,GIGVER04,Ver-Lello,Peronospora,58%,61%,67%,62%,62%,56%,62%
16275,GIGFRI06,ToFr-Lello,Oidium,42%,38%,36%,32%,29%,30%,32%
16275,GIGFRI06,ToFr-Lello,Peronospora,58%,62%,64%,68%,71%,70%,68%
16279,GIGMER07,Mer-Lello,Oidium,43%,33%,34%,33%,29%,32%,31%
16279,GIGMER07,Mer-Lello,Peronospora,57%,67%,66%,67%,71%,68%,69%
16295,GIGFRI07,ToFr-Cava,Oidium,41%,41%,44%,45%,49%,45%,41%
16295,GIGFRI07,ToFr-Cava,Peronospora,59%,59%,56%,55%,51%,55%,59%
16519,GIGFRI07,ToFr-Muinie  (suora),Oidium,43%,37%,27%,31%,33%,36%,34%
16519,GIGFRI07,ToFr-Muinie  (suora),Peronospora,57%,63%,73%,69%,67%,64%,66%
16567,GIGFRI08,ToFr-Nevio,Oidium,42%,41%,31%,35%,33%,42%,38%
16567,GIGFRI08,ToFr-Nevio,Peronospora,58%,59%,69%,65%,67%,58%,62%
16595,COMPIG01,Pig-Sottocasa,Oidium,25%,28%,37%,34%,29%,27%,27%
16595,COMPIG01,Pig-Sottocasa,Peronospora,75%,72%,63%,66%,71%,73%,73%
16713,GIGCABF04,Cf-Nevio,Oidium,36%,29%,33%,32%,41%,37%,32%
16713,GIGCABF04,Cf-Nevio,Peronospora,64%,71%,67%,68%,59%,63%,68%
16716,COMMAL01,Mal - Sottocasa,Oidium,32%,38%,43%,48%,43%,29%,29%
16716,COMMAL01,Mal - Sottocasa,Peronospora,68%,62%,57%,52%,57%,71%,71%
16718,COMMER02,Mer - Sottocasa,Oidium,33%,33%,43%,47%,42%,26%,27%
16718,COMMER02,Mer - Sottocasa,Peronospora,67%,67%,57%,53%,58%,74%,73%
16722,VRSSV19,Sau - Georgie,Oidium,36%,21%,41%,40%,40%,20%,21%
16722,VRSSV19,Sau - Georgie,Peronospora,64%,79%,59%,60%,60%,80%,79%
16725,COMPIC01,Pic - 2014 Sottocasa,Oidium,33%,34%,44%,48%,43%,25%,28%
16725,COMPIC01,Pic - 2014 Sottocasa,Peronospora,67%,66%,56%,52%,57%,75%,72%
16740,VRSPG16,Pg - Georgie,Oidium,35%,36%,34%,35%,27%,28%,37%
16740,VRSPG16,Pg - Georgie,Peronospora,65%,64%,66%,65%,73%,72%,63%
16764,GIGMER07,Mer-NevioNuovo,Oidium,42%,35%,39%,44%,43%,36%,42%
16764,GIGMER07,Mer-NevioNuovo,Peronospora,58%,65%,61%,56%,57%,64%,58%
16841,RSSRB06,CabFranc - Innesti,Oidium,39%,41%,34%,37%,27%,33%,35%
16841,RSSRB06,CabFranc - Innesti,Peronospora,61%,59%,66%,63%,73%,67%,65%
16842,RSSPG23,Mer - Spessa,Oidium,35%,34%,33%,28%,26%,31%,30%
16842,RSSPG23,Mer - Spessa,Peronospora,65%,66%,67%,72%,74%,69%,70%
16857,GIGPINB06,Pb-NevioNuovo,Oidium,31%,44%,45%,37%,29%,25%,26%
16857,GIGPINB06,Pb-NevioNuovo,Peronospora,69%,56%,55%,63%,71%,75%,74%
16859,GIGFRI07,ToFr-NevioNuovo,Oidium,28%,44%,45%,35%,25%,24%,22%
16859,GIGFRI07,ToFr-NevioNuovo,Peronospora,72%,56%,55%,65%,75%,76%,78%
16862,GIGPING07,Pg-MoraroCimitero,Oidium,28%,40%,26%,28%,20%,21%,21%
16862,GIGPING07,Pg-MoraroCimitero,Peronospora,72%,60%,74%,72%,80%,79%,79%
16863,GIGSCH08,Sch-MoraroVecchio,Oidium,28%,46%,40%,33%,26%,21%,24%
16863,GIGSCH08,Sch-MoraroVecchio,Peronospora,72%,54%,60%,67%,74%,79%,76%
16870,GIGREF04,Ref-MoraroVecchio,Oidium,35%,27%,30%,27%,23%,29%,32%
16870,GIGREF04,Ref-MoraroVecchio,Peronospora,65%,73%,70%,73%,77%,71%,68%
16875,GIGCABF05,Cf-MoraroVecchio,Oidium,40%,43%,47%,48%,48%,46%,42%
16875,GIGCABF05,Cf-MoraroVecchio,Peronospora,60%,57%,53%,52%,52%,54%,58%
16877,GIGREF07,Ref-MoraroNuovo,Oidium,45%,44%,38%,38%,41%,35%,30%
16877,GIGREF07,Ref-MoraroNuovo,Peronospora,55%,56%,62%,62%,59%,65%,70%
16892,GIGSCH05,Sch-MoraroNuovo,Oidium,50%,41%,44%,40%,36%,40%,39%
16892,GIGSCH05,Sch-MoraroNuovo,Peronospora,50%,59%,56%,60%,64%,60%,61%
16914,GIGCABF07,Cf-Montanovo,Oidium,31%,41%,45%,36%,28%,26%,28%
16914,GIGCABF07,Cf-Montanovo,Peronospora,69%,59%,55%,64%,72%,74%,72%
16932,GIGFRI08,ToFr-Montanovo,Oidium,25%,39%,27%,27%,22%,18%,21%
16932,GIGFRI08,ToFr-Montanovo,Peronospora,75%,61%,73%,73%,78%,82%,79%
16941,RSSRIB07,Rib - SF Rudere,Oidium,38%,36%,37%,39%,32%,29%,41%
16941,RSSRIB07,Rib - SF Rudere,Peronospora,62%,64%,63%,61%,68%,71%,59%
16975,GIGPING07,Pg-Montanovo,Oidium,29%,45%,44%,36%,27%,26%,25%
16975,GIGPING07,Pg-Montanovo,Peronospora,71%,55%,56%,64%,73%,74%,75%
17009,RSSFR09,ToFr - SanFloriano Rudere Alto,Oidium,32%,28%,38%,37%,30%,29%,29%
17009,RSSFR09,ToFr - SanFloriano Rudere Alto,Peronospora,68%,72%,62%,63%,70%,71%,71%
17021,RSSPB07,Sau - R3 Sopra,Oidium,46%,43%,42%,42%,36%,40%,36%
17021,RSSPB07,Sau - R3 Sopra,Peronospora,54%,57%,58%,58%,64%,60%,64%
17050,GIGMER08,Mer-Montanuovo,Oidium,49%,32%,35%,33%,33%,38%,34%
17050,GIGMER08,Mer-Montanuovo,Peronospora,51%,68%,65%,67%,67%,62%,66%
17099,RSSMAL08,Mal - Rudere,Oidium,26%,38%,33%,23%,21%,21%,22%
17099,RSSMAL08,Mal - Rudere,Peronospora,74%,62%,67%,77%,79%,79%,78%
17124,RSSPB09,Pb - Rudere Alto,Oidium,34%,33%,31%,26%,24%,30%,30%
17124,RSSPB09,Pb - Rudere Alto,Peronospora,66%,67%,69%,74%,76%,70%,70%
17139,GIGPINB05,Pb-Montanuovo,Oidium,47%,38%,31%,38%,33%,38%,34%
17139,GIGPINB05,Pb-Montanuovo,Peronospora,53%,62%,69%,62%,67%,62%,66%
17142,RSSFR10,ToFr - SanFloriano Rudere Basso,Oidium,37%,36%,43%,45%,39%,35%,38%
17142,RSSFR10,ToFr - SanFloriano Rudere Basso,Peronospora,63%,64%,57%,55%,61%,65%,62%
17165,RSSPB18,Pb -  Rudere Basso,Oidium,47%,47%,52%,48%,52%,40%,46%
17165,RSSPB18,Pb -  Rudere Basso,Peronospora,53%,53%,48%,52%,48%,60%,54%
17179,ABERVER10,Ver-Nimis2 Estirpato 2017,Oidium,49%,34%,31%,33%,32%,33%,34%
17179,ABERVER10,Ver-Nimis2 Estirpato 2017,Peronospora,51%,66%,69%,67%,68%,67%,66%
17184,ABERSV01,Sv-Nimis,Oidium,46%,33%,32%,31%,28%,32%,35%
17184,ABERSV01,Sv-Nimis,Peronospora,54%,67%,68%,69%,72%,68%,65%
17190,ABERVER06,Ver - Casa,Oidium,37%,37%,33%,33%,43%,41%,39%
17190,ABERVER06,Ver - Casa,Peronospora,63%,63%,67%,67%,57%,59%,61%
17196,RSSPB19,Pb - SanFloriano ,Oidium,26%,31%,45%,32%,19%,22%,32%
17196,RSSPB19,Pb - SanFloriano ,Peronospora,74%,69%,55%,68%,81%,78%,68%
17198,COMPIC02,Pic - Sottocasa,Oidium,26%,31%,44%,30%,19%,22%,32%
17198,COMPIC02,Pic - Sottocasa,Peronospora,74%,69%,56%,70%,81%,78%,68%
17202,COMSV05,Sv-ExPinotGrigio,Oidium,21%,27%,43%,30%,20%,18%,31%
17202,COMSV05,Sv-ExPinotGrigio,Peronospora,79%,73%,57%,70%,80%,82%,69%
17205,COMFRI01,ToFr-Cjucule,Oidium,24%,26%,41%,28%,16%,19%,29%
17205,COMFRI01,ToFr-Cjucule,Peronospora,76%,74%,59%,72%,84%,81%,71%
17215,ABERRF02,Ref-Motta,Oidium,40%,35%,46%,43%,39%,44%,42%
17215,ABERRF02,Ref-Motta,Peronospora,60%,65%,54%,57%,61%,56%,58%
17227,COMMAL03,Mal-Cjucule,Oidium,23%,27%,42%,27%,16%,17%,31%
17227,COMMAL03,Mal-Cjucule,Peronospora,77%,73%,58%,73%,84%,83%,69%
17232,ABERMR01,Mer-Motta,Oidium,38%,34%,47%,43%,40%,43%,41%
17232,ABERMR01,Mer-Motta,Peronospora,62%,66%,53%,57%,60%,57%,59%
17237,ABERVER03,Ver-LisCampanellis,Oidium,44%,40%,30%,35%,34%,40%,36%
17237,ABERVER03,Ver-LisCampanellis,Peronospora,56%,60%,70%,65%,66%,60%,64%
17266,ABERCF01,Cf-Motta,Oidium,41%,34%,26%,30%,31%,31%,32%
17266,ABERCF01,Cf-Motta,Peronospora,59%,66%,74%,70%,69%,69%,68%
17371,ABERVER08,Ver-GildoAlto,Oidium,42%,33%,27%,33%,33%,38%,32%
17371,ABERVER08,Ver-GildoAlto,Peronospora,58%,67%,73%,67%,67%,62%,68%
17381,COMCHA01,Ch-Sotlamont,Oidium,33%,32%,37%,35%,27%,23%,40%
17381,COMCHA01,Ch-Sotlamont,Peronospora,67%,68%,63%,65%,73%,77%,60%
17386,ABERVER07,Ver-GildoBasso,Oidium,40%,38%,43%,42%,30%,26%,41%
17386,ABERVER07,Ver-GildoBasso,Peronospora,60%,62%,57%,58%,70%,74%,59%
17387,ABERCH01,Ch-Affitto,Oidium,40%,38%,43%,42%,30%,26%,41%
17387,ABERCH01,Ch-Affitto,Peronospora,60%,62%,57%,58%,70%,74%,59%
17396,BDVTC02,ToFr-Modolett,Oidium,36%,32%,39%,38%,37%,35%,30%
17396,BDVTC02,ToFr-Modolett,Peronospora,64%,68%,61%,62%,63%,65%,70%
17540,RSSCHA20,Cha - Belvedere Sotto,Oidium,39%,36%,36%,40%,34%,27%,38%
17540,RSSCHA20,Cha - Belvedere Sotto,Peronospora,61%,64%,64%,60%,66%,73%,62%
17559,RSSCHA21,Cha - Belvedere Sopra,Oidium,55%,48%,38%,43%,40%,28%,20%
17559,RSSCHA21,Cha - Belvedere Sopra,Peronospora,45%,52%,62%,57%,60%,72%,80%
17568,COMFRI02,ToFr-Sotlamont,Oidium,34%,27%,26%,34%,31%,27%,28%
17568,COMFRI02,ToFr-Sotlamont,Peronospora,66%,73%,74%,66%,69%,73%,72%
17570,BDVPG01,Pg-Modolet,Oidium,40%,44%,38%,27%,21%,12%,16%
17570,BDVPG01,Pg-Modolet,Peronospora,60%,56%,62%,73%,79%,88%,84%
17575,BDVPB01,Pb-Modolet,Oidium,18%,21%,15%,16%,13%,17%,22%
17575,BDVPB01,Pb-Modolet,Peronospora,82%,79%,85%,84%,87%,83%,78%
17702,RSSPG28,Rib - Vecchia Bosco,Oidium,45%,43%,44%,44%,45%,42%,43%
17702,RSSPG28,Rib - Vecchia Bosco,Peronospora,55%,57%,56%,56%,55%,58%,57%
17868,BDVTC03,ToFr-Modolet,Oidium,42%,29%,37%,40%,35%,39%,36%
17868,BDVTC03,ToFr-Modolet,Peronospora,58%,71%,63%,60%,65%,61%,64%
18215,BDVMR01,Mer-Fratta,Oidium,52%,55%,64%,60%,49%,54%,57%
18215,BDVMR01,Mer-Fratta,Peronospora,48%,45%,36%,40%,51%,46%,43%
18216,BDVMR02,Mer-Fratta1,Oidium,54%,57%,62%,58%,48%,54%,56%
18216,BDVMR02,Mer-Fratta1,Peronospora,46%,43%,38%,42%,52%,46%,44%
18233,BDVCF01,Cf-Fratta,Oidium,18%,15%,29%,37%,37%,23%,29%
18233,BDVCF01,Cf-Fratta,Peronospora,82%,85%,71%,63%,63%,77%,71%
18243,BDVCAR01,Car-Fratta01,Oidium,24%,21%,29%,41%,41%,24%,31%
18243,BDVCAR01,Car-Fratta01,Peronospora,76%,79%,71%,59%,59%,76%,69%
18254,BDVMR03,Mer-Fratta2,Oidium,46%,50%,52%,50%,44%,35%,37%
18254,BDVMR03,Mer-Fratta2,Peronospora,54%,50%,48%,50%,56%,65%,63%
18262,BDVCAR02,Car-Fratta02,Oidium,46%,50%,58%,44%,59%,57%,58%
18262,BDVCAR02,Car-Fratta02,Peronospora,54%,50%,42%,56%,41%,43%,42%
18268,BDVCF02,Cf-Fratta1,Oidium,50%,44%,46%,47%,44%,40%,34%
18268,BDVCF02,Cf-Fratta1,Peronospora,50%,56%,54%,53%,56%,60%,66%
18292,RSSSV25,Cha - Agriturismo,Oidium,34%,33%,25%,32%,28%,29%,33%
18292,RSSSV25,Cha - Agriturismo,Peronospora,66%,67%,75%,68%,72%,71%,67%
18303,COMMER03,Mer-Gondolo,Oidium,37%,34%,33%,36%,32%,36%,30%
18303,COMMER03,Mer-Gondolo,Peronospora,63%,66%,67%,64%,68%,64%,70%
18338,COMCABS01,Csv - Gondolo Estirpo 2014,Oidium,19%,28%,26%,12%,13%,27%,28%
18338,COMCABS01,Csv - Gondolo Estirpo 2014,Peronospora,81%,72%,74%,88%,87%,73%,72%
18427,COMCABS03,CabSau - Bosco Gondolo,Oidium,40%,48%,44%,42%,42%,37%,42%
18427,COMCABS03,CabSau - Bosco Gondolo,Peronospora,60%,52%,56%,58%,58%,63%,58%
18445,BDVSV01,Sv-Fratta,Oidium,53%,59%,56%,50%,41%,39%,32%
18445,BDVSV01,Sv-Fratta,Peronospora,47%,41%,44%,50%,59%,61%,68%
18446,BDVREF01,Ref-Fratta,Oidium,54%,56%,52%,53%,52%,40%,41%
18446,BDVREF01,Ref-Fratta,Peronospora,46%,44%,48%,47%,48%,60%,59%
18447,BDVMAL01,Mal-Versa Giovane,Oidium,62%,50%,59%,55%,43%,41%,36%
18447,BDVMAL01,Mal-Versa Giovane,Peronospora,38%,50%,41%,45%,57%,59%,64%
18534,COMCABS04,CabSau - Gondolo,Oidium,37%,30%,37%,36%,37%,30%,35%
18534,COMCABS04,CabSau - Gondolo,Peronospora,63%,70%,63%,64%,63%,70%,65%
18570,,Mal-Versa1,Oidium,32%,33%,35%,35%,38%,35%,36%
18570,,Mal-Versa1,Peronospora,68%,67%,65%,65%,62%,65%,64%
18975,COMREF01,RefDPR-Gondolo,Oidium,26%,26%,38%,44%,44%,30%,33%
18975,COMREF01,RefDPR-Gondolo,Peronospora,74%,74%,62%,56%,56%,70%,67%
19011,COMFRI03,ToFr - SanMauro Estirpo 2015,Oidium,48%,45%,52%,48%,52%,40%,46%
19011,COMFRI03,ToFr - SanMauro Estirpo 2015,Peronospora,52%,55%,48%,52%,48%,60%,54%
19085,COMPING03,Pg - Vecchio SanMauro,Oidium,65%,61%,60%,58%,57%,48%,46%
19085,COMPING03,Pg - Vecchio SanMauro,Peronospora,35%,39%,40%,42%,43%,52%,54%
19260,COMCABS02,Csv-SanMauro,Oidium,25%,27%,35%,35%,31%,26%,24%
19260,COMCABS02,Csv-SanMauro,Peronospora,75%,73%,65%,65%,69%,74%,76%
19261,COMPING02,Pg - 2014 SanMauro,Oidium,32%,31%,42%,42%,35%,27%,28%
19261,COMPING02,Pg - 2014 SanMauro,Peronospora,68%,69%,58%,58%,65%,73%,72%
19287,DANincolto,Rib 2016 - Potocco,Oidium,43%,40%,40%,41%,36%,38%,36%
19287,DANincolto,Rib 2016 - Potocco,Peronospora,57%,60%,60%,59%,64%,62%,64%
19315,DANPG01,Pg-Potocco,Oidium,48%,34%,28%,36%,37%,33%,20%
19315,DANPG01,Pg-Potocco,Peronospora,52%,66%,72%,64%,63%,67%,80%
19316,DANFR01,ToFr-Potocco,Oidium,33%,38%,28%,38%,34%,37%,24%
19316,DANFR01,ToFr-Potocco,Peronospora,67%,62%,72%,62%,66%,63%,76%
19371,DANPB01,Pb-Potocco,Oidium,32%,44%,35%,29%,19%,21%,22%
19371,DANPB01,Pb-Potocco,Peronospora,68%,56%,65%,71%,81%,79%,78%
19376,DANRB02,Rib-Letizie,Oidium,25%,30%,28%,34%,25%,24%,36%
19376,DANRB02,Rib-Letizie,Peronospora,75%,70%,72%,66%,75%,76%,64%
19378,DANSV02,Sv-Letizie,Oidium,27%,29%,49%,40%,29%,24%,28%
19378,DANSV02,Sv-Letizie,Peronospora,73%,71%,51%,60%,71%,76%,72%
19386,DANCH01,Ch-Letizie,Oidium,24%,29%,39%,30%,24%,28%,27%
19386,DANCH01,Ch-Letizie,Peronospora,76%,71%,61%,70%,76%,72%,73%
19388,DANMR09,Mer-Letizie,Oidium,34%,36%,36%,39%,28%,34%,32%
19388,DANMR09,Mer-Letizie,Peronospora,66%,64%,64%,61%,72%,66%,68%
19396,DANCS01,Csv-Letizie,Oidium,35%,30%,45%,36%,25%,24%,26%
19396,DANCS01,Csv-Letizie,Peronospora,65%,70%,55%,64%,75%,76%,74%
19414,DANPG03,Pg-K2,Oidium,34%,34%,34%,39%,35%,39%,48%
19414,DANPG03,Pg-K2,Peronospora,66%,66%,66%,61%,65%,61%,52%
19425,DANCF02,Cf - K2,Oidium,37%,32%,31%,36%,35%,31%,35%
19425,DANCF02,Cf - K2,Peronospora,63%,68%,69%,64%,65%,69%,65%
19438,DANVER03,Ver-Monico1,Oidium,43%,42%,37%,40%,31%,34%,35%
19438,DANVER03,Ver-Monico1,Peronospora,57%,58%,63%,60%,69%,66%,65%
19447,DANPB03,Pb-Monico,Oidium,60%,65%,56%,45%,40%,47%,42%
19447,DANPB03,Pb-Monico,Peronospora,40%,35%,44%,55%,60%,53%,58%
19454,DANMT03,Muller-Monico,Oidium,40%,47%,41%,40%,33%,24%,29%
19454,DANMT03,Muller-Monico,Peronospora,60%,53%,59%,60%,67%,76%,71%
19485,DANMAL02,Mal-Monico,Oidium,47%,46%,47%,45%,37%,24%,30%
19485,DANMAL02,Mal-Monico,Peronospora,53%,54%,53%,55%,63%,76%,70%
19585,DANVER04,Ver+Pic-Monico,Oidium,41%,41%,43%,42%,42%,39%,42%
19585,DANVER04,Ver+Pic-Monico,Peronospora,59%,59%,57%,58%,58%,61%,58%
19623,DANCS03,Cf+Sv-Monico,Oidium,55%,53%,43%,47%,38%,39%,44%
19623,DANCS03,Cf+Sv-Monico,Peronospora,45%,47%,57%,53%,62%,61%,56%
19642,DANVER05,Ver-Monico,Oidium,49%,47%,38%,36%,36%,35%,37%
19642,DANVER05,Ver-Monico,Peronospora,51%,53%,62%,64%,64%,65%,63%
19645,DANMR10,Mer-DietroVilla,Oidium,67%,63%,55%,45%,42%,33%,42%
19645,DANMR10,Mer-DietroVilla,Peronospora,33%,37%,45%,55%,58%,67%,58%
19698,DANSC03,Sch-Vlila,Oidium,18%,27%,41%,30%,13%,19%,31%
19698,DANSC03,Sch-Vlila,Peronospora,82%,73%,59%,70%,87%,81%,69%
19723,DANPN02,Pn-Villa,Oidium,18%,26%,42%,28%,13%,18%,28%
19723,DANPN02,Pn-Villa,Peronospora,82%,74%,58%,72%,87%,82%,72%
19731,DANMR01,Mer - Sottomonte EST,Oidium,21%,27%,43%,31%,16%,19%,32%
19731,DANMR01,Mer - Sottomonte EST,Peronospora,79%,73%,57%,69%,84%,81%,68%
100002,DANMR01,Mer - Sottomonte OVEST,Oidium,14%,26%,35%,27%,18%,27%,30%
100002,DANMR01,Mer - Sottomonte OVEST,Peronospora,86%,74%,65%,73%,82%,73%,70%
100017,DANCS04,Csv-Sottomonte,Oidium,41%,41%,38%,40%,45%,42%,42%
100017,DANCS04,Csv-Sottomonte,Peronospora,59%,59%,62%,60%,55%,58%,58%
100022,DANFR08,ToFr - 7,Oidium,13%,27%,30%,27%,21%,34%,32%
100022,DANFR08,ToFr - 7,Peronospora,87%,73%,70%,73%,79%,66%,68%
100024,DANFR07,ToFr - 4,Oidium,13%,15%,26%,20%,16%,27%,35%
100024,DANFR07,ToFr - 4,Peronospora,87%,85%,74%,80%,84%,73%,65%
100122,DANVER01,Verd-Clama,Oidium,21%,26%,42%,38%,31%,34%,36%
100122,DANVER01,Verd-Clama,Peronospora,79%,74%,58%,62%,69%,66%,64%
100237,DANSC04,Sch-Clama,Oidium,45%,42%,47%,35%,36%,40%,47%
100237,DANSC04,Sch-Clama,Peronospora,55%,58%,53%,65%,64%,60%,53%
100255,DANMR07,Mer-Clama,Oidium,39%,39%,34%,30%,30%,32%,42%
100255,DANMR07,Mer-Clama,Peronospora,61%,61%,66%,70%,70%,68%,58%
100258,DANFR09,ToFr-Clama,Oidium,38%,36%,31%,36%,33%,35%,44%
100258,DANFR09,ToFr-Clama,Peronospora,62%,64%,69%,64%,67%,65%,56%
100265,DANRB05,Rib-Clama,Oidium,43%,44%,41%,49%,41%,43%,47%
100265,DANRB05,Rib-Clama,Peronospora,57%,56%,59%,51%,59%,57%,53%
100270,DANSTO,Merlot storico -Clama,Oidium,47%,48%,42%,48%,48%,44%,47%
100270,DANSTO,Merlot storico -Clama,Peronospora,53%,52%,58%,52%,52%,56%,53%
100278,DANMR05,Mer-Macoring,Oidium,46%,34%,36%,37%,30%,31%,35%
100278,DANMR05,Mer-Macoring,Peronospora,54%,66%,64%,63%,70%,69%,65%
100280,DANMR06,Mer-ExGDC,Oidium,43%,46%,44%,37%,32%,36%,49%
100280,DANMR06,Mer-ExGDC,Peronospora,57%,54%,56%,63%,68%,64%,51%
100293,DANRF05,Ref-TesaGiovane,Oidium,42%,43%,43%,40%,40%,34%,42%
100293,DANRF05,Ref-TesaGiovane,Peronospora,58%,57%,57%,60%,60%,66%,58%
100300,DANRF06,Ref-TesaVecchio,Oidium,42%,42%,43%,43%,37%,36%,42%
100300,DANRF06,Ref-TesaVecchio,Peronospora,58%,58%,57%,57%,63%,64%,58%
100335,DANRF07,Ref-Azienda,Oidium,32%,34%,25%,29%,28%,20%,31%
100335,DANRF07,Ref-Azienda,Peronospora,68%,66%,75%,71%,72%,80%,69%
100372,DANMR08,Mer-7,Oidium,36%,44%,37%,33%,33%,35%,33%
100372,DANMR08,Mer-7,Peronospora,64%,56%,63%,67%,67%,65%,67%
100394,DANPB04,Pb-7,Oidium,32%,34%,25%,29%,28%,20%,31%
100394,DANPB04,Pb-7,Peronospora,68%,66%,75%,71%,72%,80%,69%
100435,ERMSV02,Sv-Barazut,Oidium,38%,42%,41%,38%,46%,31%,33%
100435,ERMSV02,Sv-Barazut,Peronospora,62%,58%,59%,62%,54%,69%,67%
100443,ERMSV03,Sv - Buttrio EO,Oidium,37%,39%,27%,26%,28%,29%,27%
100443,ERMSV03,Sv - Buttrio EO,Peronospora,63%,61%,73%,74%,72%,71%,73%
100564,ERMSV01,Sv-Bersane,Oidium,24%,21%,28%,38%,40%,22%,30%
100564,ERMSV01,Sv-Bersane,Peronospora,76%,79%,72%,62%,60%,78%,70%
100632,ERMSV09,Sv-Rocca,Oidium,45%,42%,50%,47%,50%,38%,46%
100632,ERMSV09,Sv-Rocca,Peronospora,55%,58%,50%,53%,50%,62%,54%
100669,ERMSV06,Sv-Cantina,Oidium,29%,44%,46%,35%,26%,21%,26%
100669,ERMSV06,Sv-Cantina,Peronospora,71%,56%,54%,65%,74%,79%,74%
